"Subject Code","Course Number","Course Title","Course Description","Requirements","Credits - Academic Credit - Units","Credits - Academic Credit - Credit Hours Max","Credits - Academic Credit - Credit Hours Value","Credits - Academic Credit - Credit Hours Operator","Prerequisites"
"ACT","200","Accounting: The Language of Business","Accounting is called ""the language of business"" because its purpose is to measure, analyze, and report the economic effects of business transactions. In this course we will learn the rules and regulations of accounting so that you can be an informed reader of financial reports. Specifically, you will learn how to read and analyze Balance Sheets, Income Statements, and Statements of Cash Flows. We will prepare these statements as well as read real company reports. The framework learned in this course will allow you to better understand what a business does and how well it does what it does. You will become a sophisticated consumer of publicly disclosed accounting information and enhance your ability to communicate in the business world.","No","3","3","-","-","-"
"ACT","211","Managerial Accounting","Introduction to the concepts, assumptions, and methods underlying managerial accounting, with an emphasis on using accounting information to plan and control a company's operations. Topics include information relevant for decision-making, cost behavior, activity-based costing, pricing, cost-volume-profit analysis, operating budgets and variance analysis, capital budgeting, and performance evaluation.","No","3","3","-","-","-"
"ACT","300","Business Analysis & Valuation","Using financial statements to analyze and value businesses is a key skill needed for careers in fields like consulting, investment banking, public accounting, corporate finance, and venture capital and private equity. This course will teach you how to extract information from financial statements to gain insights into a company¿s current business performance and risk. You will also learn cutting-edge techniques to forecast future earnings and cash flows, estimate firm value, and challenge the market¿s assumptions driving the stock prices of well-known companies operating around the world.","No","3","3","-","-","-"
"ACT","301","Strategic Cost Management","This course covers the internal generation and interpretation of information for strategic and operational decision-making purposes, which is of paramount importance for decision-making in organizations. You will learn how to identify information that is relevant for decision-making, cost and revenue behavior, different costing techniques, profit planning, customer profitability analysis, and how to evaluate performance against plans. This course is especially useful if you are interested in consulting and will prepare you for your interviews with consulting companies.","No","3","3","-","-","-"
"ACT","304","Blockchains & Crypto Assets","This course will discuss the transformative world of blockchains and crypto assets and how they are reshaping aspects of accounting, finance, and global trade. We will cover the evolution of money, inflation, ledgers, and the impact of decentralized systems on the modern economy. We will cover foundational concepts such as decentralization, cryptography, consensus mechanisms, and block creation to show how crypto assets are tied to blockchains. We will discuss topics such as tokenomics, staking, and farming and potential opportunities and risks associated with blockchain and crypto assets.","No","3","3","-","-","-"
"ACT","311","Sustainability Measurement and Reporting","This course provides a critical analysis of current practices in business sustainability reporting and analysis. Topics covered include sustainability initiatives and challenges, reporting practices, reporting frameworks, reporting standards, regulatory requirements, NGOs, and rating agencies. The course also analyzes guidance for synthesizing information from corporate sustainability disclosures into traditional financial and valuation analyses. The class format combines lectures, interactive discussions, cases studies and project presentations.","No","3","3","-","-","-"
"ACT","312","Financial Reporting of Operations","This course examines the foundations of financial accounting and reporting. We will examine accounting issues from the point of view of the preparer of the financial  statements as well as from the perspective of the auditor and users of financial statements. We will review the accounting cycle and cover US and international financial reporting standards for the reporting   of cash, receivables, inventories, and long-lived tangible and intangible assets. We will take an analytical and critical approach to the preparation and use of financial reports, particularly to assessing the ¿quality of earnings¿ reported in the financial statements.","No","3","3","-","-","-"
"ACT","316","Accounting for Social Impact Organizations","Social impact organizations-including foundations, nonprofits, NGOs, B Corps, and governments-put mission before profit to tackle some of today's toughest challenges facing people and the planet. Making up about 15% of the global economy and workforce, these organizations disclose detailed financial data showing how mission, money, and accountability intersect. In this course, you'll learn how to interpret and analyze that data. We'll explore how tax rules shape mission-focused behavior, how mission-related transactions are reported under U.S. GAAP, how incentives and governance affect reporting quality, and how financial statement analysis informs decision-making across different stakeholder groups. We'll do all this using real financial reports and tax filings from organizations working in a variety of sectors and regions. By the end of the course, you'll have the financial skills needed to serve as an effective team leader, consultant, or board member.","No","3","3","-","-","-"
"ACT","325","Financial Reporting of Debt & Equity","This course builds on the foundational knowledge learned in ACT 200 and focuses on financing instruments, such as bonds, leases, and stocks. You will develop the skills and knowledge to read, understand, and evaluate the financial reporting of debt and equity on both the face of the financial statements and the detailed footnotes. We will also cover accounting for income taxes, stock compensation, treasury stock buybacks, derivatives. and earnings per share. This course will teach you about these transactions from the perspective of both the preparer and user of a company's financial statements, using real-world examples and cases.","No","3","3","-","-","-"
"ACT","330","Personal Financial Planning","In this course, you will develop an understanding of the assumptions, principles, procedures, and concepts underlying personal financial planning with an emphasis on developing personal and financial goals, understanding sources of income, budgeting cash flows, saving emergency funds in the short term and developing relevant objectives, managing risk through insurance, taking advantage of employer provided benefits, tackling major life transactions, filing and minimizing taxes, navigating wills, trusts, estates, advanced directives, and power of attorney, and developing a financial plan.","No","3","3","-","-","-"
"ACT","335","Firm Fundamentals & Mispricing","This course will expose you to state-of-the-art research and valuable frameworks on the optimal use of accounting information for forecasting and on the identification of market inefficiencies in using accounting information for equity valuation. You will identify relevant research, access appropriate databases, and use effective tools for performing analyses to distinguish between the fundamental value versus investor sentiment components of stock prices. Using these accounting signals will therefore aid in identifying mispriced stocks.","No","3","3","-","-","-"
"ACT","399R","Special Topics in Accounting","Special Topics in Accounting","No","1","12","-","-","-"
"ACT","400","Study Abroad Accounting Elective (General)","Study Abroad Accounting Elective (General)","No","1","16","-","-","-"
"ACT","401","Study Abroad Accounting Elective (Global)","Study Abroad Accounting Elective (Global)","No","1","16","-","-","-"
"ACT","409","Study Abroad Accounting Elective (Related)","Study Abroad Accounting Elective (Related)","No","1","16","-","-","-"
"ACT","410","Legal Environment of Business","Survey of  the legal environment in which business enterprises operate. Topics include jurisprudential thought, sources of law, separation of powers, business ethics, constitutional law, regulation of interstate commerce, bill of rights, administrative law, and civil procedure.","No","3","3","-","-","-"
"ACT","411","International Business Law","Survey of international law as it relates to business transactions. Topics include international jurisdiction and dispute resolution, property rights, human rights, US trade policy and barriers, misappropriation of intellectual property, antitrust laws, foreign corrupt practices, international trade, mergers and acquisitions, and ethics.","No","3","3","-","-","-"
"ACT","414","Financial Statement Analysis and Valuation","Methods and techniques commonly used to analyze financial statements of US and multinational companies: business strategy analysis, transaction analysis, assessment of earnings quality, financial ratio and cash flow analysis, credit analysis and bankruptcy prediction, forecasting accounting numbers and pro forma statements, and valuation using discounted cash flows, residual income, and market multiples.","No","3","3","-","-","-"
"ACT","415","Tax Strategy","Introduction to the US federal income tax system, with an emphasis on the taxation of individuals. Topics include tax status, dependents, gross income, self-employment income, investment income, itemized deductions, alternative minimum tax, tax credits, penalties, planning to minimize taxes.","No","3","3","-","-","-"
"ACT","416","Smart Tax: Winning Ideas from Tax Professionals","This course explores hot topics in corporate tax and highlights strategies and cutting-edge insights from experienced tax professionals. Designed for students interested in consulting, finance, accounting, or entrepreneurship, Smart Tax equips future decision-makers with practical tools to navigate the complex and evolving tax landscape. Topics entity formation, corporate acquisitions, and bankruptcy-related tax implications. Students will also examine high-impact areas such as research and development (R&D) tax credits, transfer pricing, and tax-efficient structuring of cross-border operations. Through real-world case studies, practitioner guest lectures, and hands-on tax research projects, students will learn how to apply tax knowledge to identify value-creating strategies, minimize tax liabilities, and enhance corporate decision-making. The course bridges theory with practice and prepares students to contribute immediately in professional tax, finance, consulting, or advisory roles.","No","3","3","-","-","-"
"ACT","418","Auditing","Introduction to the concepts, principles, and procedures underlying assurance and financial statement auditing, with an emphasis on the revenue cycle. Topics include the auditing environment, audit planning, materiality, risk assessment, evidence and documentations, internal controls, audit sampling, auditing the revenue cycle, audit reports, professional conduct, and legal liability.","No","3","3","-","-","-"
"ACT","420","Accounting Analytics: Insights for Actions","This course teaches students how to use analytics with financial data to make better, data informed decisions. This course is an overview course and is designed to expose students to the many different ways in which data analytic tools can be used in accounting settings. To teach students how to successfully combine their understanding of accounting concepts with data analytics skills and tools, this course focuses on:
1. Reframing business issues that require the use of accounting knowledge into specific analytical questions
2. Manipulating data and calculating answers to the above framed questions
3. Communicating results with appropriate context in a meaningful and easy to understand manner","No","3","3","-","-","-"
"ACT","438","Corporate Political Strategy","By electing politicians who appoint regulators, voters effectively set the ""rules of the game"" for all businesses. Recognizing this, firms invest resources to glean information about future political developments and shape their disclosure practices to potentially influence political outcomes. In this class, you will learn how businesses leverage information dynamics to manage the risks and opportunities presented by political systems. We will examine government regulation of industry, activist and public interest groups, the role of lobbying and campaign contributions in the policymaking process, ethical frameworks for corporate political strategy, and other related topics. The course is case-based, drawing on case studies from a variety of institutional environments.","No","3","3","-","-","-"
"ACT","450","Accounting for Mergers & Acquisitions","In this course, you¿ll learn how to report and analyze mergers and acquisitions, joint ventures and affiliate holdings, noncontrolling interests, goodwill and bargain purchases, intercompany transfers of inventory and long-lived assets, foreign currency transactions, derivative financial instruments and hedging transactions, investments in foreign subsidiaries, operating segments, discontinued operations, and equity carve-outs and spin-offs. Throughout the course, you¿ll analyze the effects of these transactions on the financial performance of well-known firms operating around the world.","No","3","3","-","-","-"
"ACT","477","Machine Learning for Fundamental Analysis","This course covers how fundamental analysis, valuation models, and portfolio optimization can be used for investing, both conceptually and practically. You will learn how to design an ""end-to-end"" accounting-based investing system from concept to implementation, including state-of-the-art accounting-based valuation models, innovative methods such as machine learning and artificial intelligence, and the coding skills required to calibrate these models for forecasting and prediction.","No","3","3","-","-","-"
"ACT","497","Directed Study","A Directed Study (DS) is conducted with permission and semi-autonomously, under the supervision of a Goizueta faculty member. The content should represent a line of intellectual inquiry that is aligned with, but falls outside, what is available in the context of the School's elective offerings. It replaces an academic course and may carry variable academic hours. The DS project should contain significant & commensurate content that carries the rigor, time commitment & standards of an elective in the area of study.","No","1","16","-","-","-"
"ACT","499R","Special Topics","Special topics in accounting.","No","1","12","-","-","-"
"ACT","501","Strategic Cost Management","This course covers the internal generation and interpretation of information for strategic and operational decision-making purposes, which is of paramount importance for decision-making in organizations. You will learn how to identify information that is relevant for decision-making, cost and revenue behavior, different costing techniques, profit planning, customer profitability analysis, and how to evaluate performance against plans. This course is especially useful if you are interested in consulting and will prepare you for your interviews with consulting companies.","No","3","3","-","-","-"
"ACT","504","Blockchains & Crypto Assets","This course will discuss the transformative world of blockchains and crypto assets and how they are reshaping aspects of accounting, finance, and global trade. We will cover the evolution of money, inflation, ledgers, and the impact of decentralized systems on the modern economy. We will cover foundational concepts such as decentralization, cryptography, consensus mechanisms, and block creation to show how crypto assets are tied to blockchains. We will discuss topics such as tokenomics, staking, and farming and potential opportunities and risks associated with blockchain and crypto assets.","No","3","3","-","-","-"
"ACT","505","Incentives and Accountability: How Organizations Shape Decisions","This course examines how to align employee decision-making with organizational objectives through well-designed performance measurement and reward systems. Students will learn to translate objectives into action using performance metrics, compensation schemes, and other management control mechanisms. The goal is to ensure accountability at all levels while avoiding common pitfalls that undermine effectiveness. The course is relevant for students pursuing careers across all business domains.","No","3","3","-","-","-"
"ACT","510","The Legal Environment","Survey of  the legal environment in which business enterprises operate. Topics include jurisprudential thought, sources of law, separation of powers, business ethics, constitutional law, regulation of interstate commerce, bill of rights, administrative law, and civil procedure.","No","3","3","-","-","-"
"ACT","511","Sustainability Measurement and Reporting","This course provides a critical analysis of current practices in business sustainability reporting and analysis. Topics covered include sustainability initiatives and challenges, reporting practices, reporting frameworks, reporting standards, regulatory requirements, NGOs, and rating agencies. The course also analyzes guidance for synthesizing information from corporate sustainability disclosures into traditional financial and valuation analyses. The class format combines lectures, interactive discussions, cases studies and project presentations.","No","3","3","-","-","-"
"ACT","512","Financial Reporting & Analysis","Introduction to the concepts, assumptions, principles, and procedures underlying financial accounting, with an emphasis on understanding how a company's operating, investing, and financing activities are reported on its financial statements.","No","3","3","-","-","-"
"ACT","512M","Financial Reporting & Analysis","This accounting course is about decision-making in organizations, both internal and external. It is designed for students graduating from liberal arts colleges in non-business areas of expertise.  Using financial statements strategically, you will be able to identify the financial levers that affect revenues, expenditures, and profitability. These along with ratio analysis are critical to key external stakeholders of a company.  In addition, we will focus on the management accounting system, which provides information for internal decision-making. You will learn about the types of information that internal accounting systems generate and how that information affects decisions such as cost-volume-profit analysis, pricing, break-even, managing inventory, managing costs, and maximizing profitability.
This course will help you improve organizational decisions which involve a cycle of planning and control. The course will incorporate real world applications, including actual financial statements, cases and projects to reinforce the relevance of topics to real business situations.","No","3","3","-","-","-"
"ACT","512Y","Financial Reporting","Introduction to the concepts, assumptions, principles, and procedures underlying financial accounting, with an emphasis on understanding how a company's operating, investing, and financing activities are reported on its financial statements.","No","2","2","-","-","-"
"ACT","513","Managerial Accounting","Introduction to the concepts, assumptions, and methods underlying managerial accounting, with an emphasis on using accounting information to plan and control a company's operations. Topics include information relevant for decision-making, cost behavior, activity-based costing, pricing, cost-volume-profit analysis, operating budgets and variance analysis, capital budgeting, and performance evaluation.","No","3","3","-","-","-"
"ACT","513A","Managerial Accounting","Introduction to the concepts, assumptions, and methods underlying managerial accounting, with an emphasis on using accounting information to plan and control a company's operations. Topics include information relevant for decision-making, cost behavior, activity-based costing, pricing, cost-volume-profit analysis, operating budgets and variance analysis, capital budgeting, and performance evaluation. For MEMBA students.","No","2","2","-","-","-"
"ACT","514","Financial Statement Analysis and Valuation","Methods and techniques commonly used to analyze financial statements of US and multinational companies: business strategy analysis, transaction analysis, assessment of earnings quality, financial ratio and cash flow analysis, credit analysis and bankruptcy prediction, forecasting accounting numbers and pro forma statements, and valuation using discounted cash flows, residual income, and market multiples.","No","3","3","-","-","-"
"ACT","516","Accounting for Social Impact Organizations","Social impact organizations-including foundations, nonprofits, NGOs, B Corps, and governments-put mission before profit to tackle some of today's toughest challenges facing people and the planet. Making up about 15% of the global economy and workforce, these organizations disclose detailed financial data showing how mission, money, and accountability intersect. In this course, you'll learn how to interpret and analyze that data. We'll explore how tax rules shape mission-focused behavior, how mission-related transactions are reported under U.S. GAAP, how incentives and governance affect reporting quality, and how financial statement analysis informs decision-making across different stakeholder groups. We'll do all this using real financial reports and tax filings from organizations working in a variety of sectors and regions. By the end of the course, you'll have the financial skills needed to serve as an effective team leader, consultant, or board member.","No","3","3","-","-","-"
"ACT","520","Accounting Analytics: Insights for Actions","This course teaches students how to use analytics with financial data to make better, data informed decisions. This course is an overview course and is designed to expose students to the many different ways in which data analytic tools can be used in accounting settings. To teach students how to successfully combine their understanding of accounting concepts with data analytics skills and tools, this course focuses on:
1. Reframing business issues that require the use of accounting knowledge into specific analytical questions
2. Manipulating data and calculating answers to the above framed questions
3. Communicating results with appropriate context in a meaningful and easy to understand manner","No","3","3","-","-","-"
"ACT","530","Personal Financial Planning","In this course, you will develop an understanding of the assumptions, principles, procedures, and concepts underlying personal financial planning with an emphasis on developing personal and financial goals, understanding sources of income, budgeting cash flows, saving emergency funds in the short term and developing relevant objectives, managing risk through insurance, taking advantage of employer provided benefits, tackling major life transactions, filing and minimizing taxes, navigating wills, trusts, estates, advanced directives, and power of attorney, and developing a financial plan.","No","3","3","-","-","-"
"ACT","535","Firm Fundamentals & Mispricing","This course will expose you to state-of-the-art research and valuable frameworks on the optimal use of accountinginformation for forecasting and on the identification of  market inefficiencies in using accounting information for equity valuation. You will identify relevant research, access appropriate databases, and use effective tools for performing analyses to distinguish between the fundamental value versus investor sentiment components of stock prices. Using these accounting signals will therefore aid in identifying mispriced stocks.","No","3","3","-","-","-"
"ACT","538","Corporate Political Strategy","By electing politicians who appoint regulators, voters effectively set the ""rules of the game"" for all businesses. Recognizing this, firms invest resources to glean information about future political developments and shape their disclosure practices to potentially influence political outcomes. In this class, you will learn how businesses leverage information dynamics to manage the risks and opportunities presented by political systems. We will examine government regulation of industry, activist and public interest groups, the role of lobbying and campaign contributions in the policymaking process, ethical frameworks for corporate political strategy, and other related topics. The course is case-based, drawing on case studies from a variety of institutional environments.","No","3","3","-","-","-"
"ACT","592","Cost and Performance Measurement in Healthcare","This course will introduce and apply some of the basic concepts and techniques learned in an introductory management accounting course to the unique setting of health care. We will examine topics related to resource planning, understanding cost behavior and cost drivers, costing of services (including the application of time-driven activity-based costing), and the assessment of performance relative to a budget. The case-based course will dive into these topics using examples from health care organizations (e.g., hospitals, clinics, and/or health care service providers). The aim of the course is to
prepare students working in the health care industry to apply modern costing concepts and techniques in their workplace.","No","1.5","1.5","-","-","-"
"ACT","599R","Special Topics","-","No","1","12","-","-","-"
"ACT","612","Financial Reporting of Operations","This course examines the foundations of financial accounting and reporting. We will examine accounting issues from the point of view of the preparer of the financial statements as well as from the perspective of the auditor and users of financial statements. We will review the accounting cycle and cover US and international financial reporting standards for the reporting of cash, receivables, inventories, and long-lived tangible and intangible assets. We will take an analytical and critical approach to the preparation and use of financial reports, particularly to assessing the ¿quality of earnings¿ reported in the financial statements.","No","3","3","-","-","-"
"ACT","615","Tax Strategy","This course provides a fundamental knowledge of taxes for individuals, corporations, partnerships, and S corporations. Topics include the types of taxes, the role of the federal income tax, tax planning for income and deductions, income measurement, tax accounting, business expenses and losses, depreciation and cost recovery, passive activity gains and losses, taxation of property transactions, non-recognition transactions, tax credits, and the alternative minimum tax. We will lay the foundation for understanding the federal tax policy and basic concepts that are common to most tax provisions. This course should enable you to understand the role of taxes in decision-making and risk management.","No","3","3","-","-","-"
"ACT","616","Smart Tax: Winning Ideas from Tax Professionals","This course explores hot topics in corporate tax and highlights strategies and cutting-edge insights from experienced tax professionals. Designed for students interested in consulting, finance, accounting, or entrepreneurship, Smart Tax equips future decision-makers with practical tools to navigate the complex and evolving tax landscape. Topics include entity formation, corporate acquisitions, and bankruptcy-related tax implications. Students will also examine high-impact areas such as research and development (R&D) tax credits, and transfer pricing. Through real-world case studies students will learn how to apply tax knowledge to identify value-creating strategies. The course bridges theory with practice and prepares students to contribute immediately in professional tax, finance, consulting, or advisory roles. Note: The graduate-level version of this course (ACT 616) includes an additional learning objective and project requirement beyond what is expected in the undergraduate course.","No","3","3","-","-","-"
"ACT","618","Auditing","In this course, you will learn how to make professional judgments involved in providing audits and other assurance services, with a focus on audits of financial statements. You will develop a broad theoretical understanding of fundamental auditing concepts (e.g., assertions, audit risk, materiality, risk assessment, client acceptance, planning, internal control, evidence, reporting, audit quality). The course will provide you with an understanding of why auditors do the things they do (or, in some cases, why they should do the things they should do).","No","3","3","-","-","-"
"ACT","625","Financial Reporting of Debt & Equity","This course builds on the foundational knowledge learned in ACT 200 and focuses on financing instruments, such as bonds, leases, and stocks. You will develop the skills and knowledge to read, understand, and evaluate the financial reporting of debt and equity on both the face of the financial statements and the detailed footnotes. We will also cover accounting for income taxes, stock compensation, treasury stock buybacks, derivatives. and earnings per share. This course will teach you about these transactions from the perspective of both the preparer and user of a company's financial statements, using real-world examples and cases.","No","3","3","-","-","-"
"ACT","650","Accounting for Mergers & Acquisitions","In this course, you¿ll learn how to report and analyze mergers and acquisitions, joint ventures and affiliate holdings, noncontrolling interests, goodwill and bargain purchases, intercompany transfers of inventory and long-lived assets, foreign currency transactions, derivative financial instruments and hedging transactions, investments in foreign subsidiaries, operating segments, discontinued operations, and equity carve-outs and spin-offs. Throughout the course, you¿ll analyze the effects of these transactions on the financial performance of well-known firms operating around the world.","No","3","3","-","-","-"
"ACT","677","Machine Learning for Fundamental Analysis","This course covers how fundamental analysis, valuation models, and portfolio optimization can be used for investing, both conceptually and practically. You will learn how to design an ""end-to-end"" accounting-based investing system from concept to implementation, including state-of-the-art accounting-based valuation models, innovative methods such as machine learning and artificial intelligence, and the coding skills required to calibrate these models for forecasting and prediction.","No","3","3","-","-","-"
"ACT","697","Directed Study","A Directed Study (DS) is conducted with permission and semi-autonomously, under the supervision of a Goizueta faculty member. The content should represent a line of intellectual inquiry that is aligned with, but falls outside, what is available in the context of the School's elective offerings. It replaces an academic course and may carry variable academic hours. The DS project should contain significant & commensurate content that carries the rigor, time commitment & standards of an elective in the area of study.","No","1","16","-","-","-"
"BUS","110","Goizueta School Seminar","BUS 110 is a 2-credit hour class that is designed to engage freshman, sophomore, junior and senior Goizueta Scholars each fall. The course changes topics each year, and is designed to creatively integrate business concepts and ideas into specific problem-solving activities. Students work in small groups on a project throughout the semester, in addition to reading and discussing a new book each term. Topics have ranged from housing shortages to block-chain and digital currency.","No","1","1","-","-","-"
"BUS","290","Tech Toolbox A: Excel","Provides students with a baseline set of Excel skills necessary for success in the BBA Program and workforce. Topics will include sheet formatting, formulas, sorting and filtering, plotting, pivot tables, basic functions common in business, vlookup, and multiple worksheet applications.","No","1","1","-","-","-"
"BUS","299R","Special Topics","-","No","1","4","-","-","-"
"BUS","300","BBA Board Room","Board Rooms build community, engagement, and cohesion while connecting students to each other and to resources at Goizueta. Each student will stay in the same Room for their tenure in the program. Cohorts will meet monthly, with 1-2 additional community events offered each semester. Each Room will have one lead faculty/staff member. At each meeting, specific content around a provided subject will be developed and led by the student members. Individual sessions will feature program announcements, a student-led discussion of a contemporary problem, networking, and celebration of achievements.","No","0.5","0.5","-","-","-"
"BUS","300B","BBA Boardroom B","Board Rooms build community, engagement, and cohesion while connecting students to each other and to resources at Goizueta. Each student will stay in the same Room for their tenure in the program. Cohorts will meet monthly, with 1-2 additional community events offered each semester. Each Room will have one lead faculty/staff member. At each meeting, specific content around a provided subject will be developed and led by the student members. Individual sessions will feature program announcements, a student-led discussion of a contemporary problem, networking, and celebration of achievements.","No","0.5","0.5","-","-","-"
"BUS","350","Data and Decision Analytics","Teaches students to deal with, manipulate, and gain insight from data to solve problems in the 21st-century business context. Students will analyze business data and perform predictive analytics by working with real-world data across a variety of industries and business contexts to engage in applied problem-solving. The class will familiarize students with a set of increasingly sophisticated tools and techniques (models and methodologies) for data-based business decision making. Students will additionally be exposed to a variety of technological tools commonly used in business analytics.","No","3","3","-","-","-"
"BUS","360","Design Thinking","Design thinking is a powerful approach for developing practical, creative solutions to real-world problems. It uses the mindset & methods of design practitioners to identify & address human needs by developing functional & emotionally meaningful products, services, processes, & spaces. In this course, you will learn the fundamental phases of the design thinking process. You will observe & interview real users in the field to get a better understanding of their challenges around experience with a product, service, process, or space.","No","3","3","-","-","-"
"BUS","365","Business Communication Strategy","Communication skills are critical to your success at Goizueta. Business Communication Strategy creates the foundation for strong communication & introduces the dynamics of interpersonal & organizational communication. You will create, develop, & deliver professional presentations & documents, individually and in a team. Through the DISC® assessment, you will increase your self-awareness, which helps you identify your most productive communication style.","No","3","3","-","-","-"
"BUS","380","Professional Development","Professional Development is composed of a series of sessions and assignments intended to help you prepare for your career and position you for success at Goizueta and beyond.  Professional Development incorporates career education and exploration with tools you'll use to successfully navigate your internship search.  You will learn about different industries and functions, you will explore how your personal interests align with potential careers, you will develop and refine your personal brand, and you will sharpen your interview skills.  After you complete this course, you will have a list of target companies, you will have started to build your professional network, and you will have laid the foundation for a successful internship and full-time search at Goizueta.  You will have a better understanding of yourself and your interests, and you'll be able to articulate your experiences through your personal brand materials, networking, and interviews.","No","2","2","-","-","-"
"BUS","381","Personal Development","Through this course, BBAs will gain knowledge and strategies to enhance their academic and professional journeys. Topics covered will include navigating ambiguity and stress, understanding and applying the concept of locus of control, and maximizing personal and professional opportunities. This course will include guest experts in these fields as well as alumni who will share their personal experiences, failures, pivots, and lessons learned along the way.","No","0.5","0.5","-","-","-"
"BUS","383","Experiential Team Dynamics and Leadership","This course will assist students in navigating the intricacies of working in teams. Students will build teamwork and leadership skills and will engage in debriefing, reflection, and coaching. Recommended to be taken in junior year.","No","0.5","0.5","-","-","-"
"BUS","390","Tech Toolbox B","Provides students with technological skills to support their areas of study and elective coursework. Potential topics include: Intro to R, Intro to Python, Google Ad Words, Simio (Simulation Software), Intermediate and Advanced Excel Modules, Intro to Databases, Advanced Document Editing (Powerpoint, Word), Web Authoring (Wordpress, HTML, Javascript, CSS), AWS data tools, productivity tools (Slack, IFTTT, Docker), ARGUS (Real Estate), Salesforce CRM, Bloomberg Terminal, Data Consumption and Preparation Tools (Tableau Prep, Alteryx), Power BI, and Blockchain.","No","0.5","0.5","-","-","-"
"BUS","390A","TechTool: Getting Started with Python","This course invites students into the world of Python, a highly regarded programming language with extensive applications in data analysis, automation, and machine learning within diverse business contexts. Requiring no previous programming knowledge, the course is designed to impart a beginner level understanding of Python, its syntax, its setup and navigation protocols, and its significance in the business landscape. It enables students to engage with Python scripts, interpret the output, and grasp the structure and syntax of straightforward Python scripts. Upon course completion, students will gain the ability to enact simple yet significant modifications to existing scripts, enhancing their ability to leverage Python in their business studies and careers.","No","0.5","0.5","-","-","-"
"BUS","390B","TechTool: Introduction to R","This course is an introduction to R, a statistical computing program, and R Studio, the platform and programming interface for R. These tools, R and R Studio, are designed to help analysts work with data to perform a range of statistical analyses. This tool works side-by-side with Excel -- R can import data from Excel, clean and subdivide the data, and then export it back to Excel. This toolkit helps students get a jumpstart in working with R and introduces them to data visualization packages such as ggplot, ggthemes, and Stargazer.","No","0.5","0.5","-","-","-"
"BUS","390C","TechTool: Getting Started with SQL","In this class, students use MySQL's command line interface to learn about the Structured Query Language (SQL). After installing MySQL on their own computer, students will be instructed on how to create & delete databases; create & delete tables; add data to simple tables; and query tables using SQL. Students will also learn about different datatypes in SQL, and brief overviews of additional operations in SQL (e.g., table joins) will be provided.","No","0.5","0.5","-","-","-"
"BUS","390D","TechTool: Using Generative AI for Text & Images","Generative is AI poised to disrupt the economy. While many are concerned about it replacing workers, research has shown that it can increase both employee productivity and job satisfaction. This course will introduce you to generative AI tools for text (ChatGPT) and images (Stable Diffusion). Viewing these technologies in a collaborative light, we will work through a series of applications so that you can gain hands-on experience in interacting with these tools so that you can incorporate them into your professional and personal activities.","No","0.5","0.5","-","-","-"
"BUS","390E","TechTool: Level-Up your Presentation Skills with Miro & Canva","Learn how to use Miro--an online communication, project management, and collaboration platform, and Canva - an online graphic design tool, to take your presentation skills to the next level. This course will explore how these tech tools can support and enhance your presentation planning with storyboarding techniques, as well as cover collaboration, design, and delivery strategies. Software purchase may be required.","No","0.5","0.5","-","-","-"
"BUS","390F","TechTool: Getting Started with Tableau","This course provides a gentle introduction to using Tableau Desktop for creating data visualizations and dashboards. Students will learn the basics of using Tableau, including navigating the interface, connecting to data sets, creating charts, and creating dashboards. We will also dive deeper into some of the essential skills needed to take your Tableau visualizations to the next level and learn how to create several common chart types in Tableau. Students will build two interactive dashboards and several data visualizations. This course is a first step into mastering Tableau that will prepare students for using Tableau more extensively in future courses.","No","0.5","0.5","-","-","-"
"BUS","390G","TechTool: Getting Started with SPSS","Provides an introduction to business data analysis using SPSS from IBM. SPSS, which is used by organizations across a wide variety of industries, is a statistical analysis software with point-and-click menus and drag-drop functionality that allows students to quickly learn how to analyze data without requiring programming skills. The course covers key topics such as importing data from Excel, creating new variables, subdividing data, and conducting basic statistical analyses. By the end of the course, students should know to use SPSS for business data analysis projects in coursework, clubs, internships, and future careers.","No","0.5","0.5","-","-","-"
"BUS","390H","TechTool: Building AI Agents","Given the sudden rise of AI agents, this tech toolbox will introduce students to the underlying technology and have them build a basic agents to assist them in increasing their productivity. It will take advantage of computer use (available from both Anthropic via Claude and Amazon via Nova Act). Students will use Python to make API calls that will enable them to perform tasks such as adding appointments to their calendar from emails that are in their inboxes, automating product ordering, and automating email replies.","No","0.5","0.5","-","-","-"
"BUS","390I","TechTool: AWS and Cloud Computing with AI","This course introduces students to the fundamentals of AWS cloud computing and AI services. It covers essential AWS services like EC2, S3, Lambda, and SageMaker, as well as AWS security, identity management, and global infrastructure. Students will also explore AI, ML, and generative AI concepts, focusing on responsible use and practical applications. The course will prepare students for two different AWS Certifications.","No","0.5","0.5","-","-","-"
"BUS","399R","Special Topics in Business","Special Topics in Business","No","1","12","-","-","-"
"BUS","400","Study Abroad BUS Elective (Related Elective)","-","No","1","16","-","-","-"
"BUS","401","Study Abroad BUS Elective (Global Elective)","-","No","1","16","-","-","-"
"BUS","480","Industry Seminar","Industry seminar courses fall outside the scope of traditional academic coursework, and instead allow students to learn from and interact with experienced practitioners, and to develop industry-specific insights, fine-tune career skills, and increase professional exposure.","No","1","1","-","-","-"
"BUS","480A","Senior Seminar","-","No","2","2","-","-","-"
"BUS","490","BBA Capstone","Through the Capstone Course experience students will:  1) Practice problem-solving skills in situations characterized by ambiguity and lack of structure, 2) Generate contextually informed, well-researched recommendations that integrate functional area knowledge, and 3) Enhance their capacity to engage in concrete, logistical and grounded analysis.","No","2","2","-","-","-"
"BUS","494","Study Abroad","-","No","1","16","-","-","-"
"BUS","496","Internship","-","No","1","1","-","-","-"
"BUS","496A","Applied Consulting Experience","Internship","No","1","4","-","-","-"
"BUS","496B","Advanced Internship","Advanced Internship","No","1","1","-","-","-"
"BUS","496C","Advanced Internship","The goal of the Internship course is to is to enhance the value of an internship by helping each student apply what they learn in the classroom to the workplace. Students will reflect on their internship experience to identify the skills they are building, and the work they are doing to determine how these areas inform their career progression. The course is conducted virtually and is self-paced, requiring weekly responses and the submission of short essays. The course is for students who will have an internship for the Fall or Spring term only. International students may enroll in the course to meet CPT requirements if they have previously taken BUS480. Domestic students may enroll in the course when participating in a second unpaid internship in order to fulfill employer requirements to receive academic credit. Domestic students participating in paid internships are not eligible to enroll in this course. Students may not use the same internship to enroll in the course a second time.","No","1","1","-","-","-"
"BUS","497R","Directed Study","-","No","3","3","-","-","-"
"BUS","497V","Directed Study","A directed study is conducted with permission, under the supervision of a Goizueta faculty member.  The content should represent a line of intellectual inquiry that is aligned with, but falls outside, what is available in the context of the School's elective offerings. A directed study allows the student to pursue an intellectual line of inquiry semi-autonomously, with structured faculty guidance. It replaces an academic course and may carry variable academic hours.The directed study project should contain significant and commensurate content that carries the rigor, time commitment and standards of an elective in the area of study.","No","1","16","-","-","-"
"BUS","500","Goizueta IMPACT","CORE","No","3","3","-","-","-"
"BUS","500M","Leadership, Decision Making and Teams","This seminar is designed to prepare students to effectively analyze complex problems and make actionable recommendations. In addition to focusing on applying principles and processes of structured problem solving in an experiential context, the seminar will enhance team competencies. These include how to be a more effective team member and peer leader, how to give and receive feedback, and how to develop performance metrics.","No","1","1","-","-","-"
"BUS","500Y","Goizueta IMPACT","MP","No","4","4","-","-","-"
"BUS","504","The Business of Healthcare","This course will provide students with an overview of the current structure in the healthcare industry and an understanding of the complex inter-relationships among the players in the industry. The course will explore the fundamental business models used by various players in the industry including providers, innovators, insurers, employers, and government regulators. Students will become familiarized with the economic incentives and important issues which must be addressed for individual players to create value in the U.S. healthcare system. Students will leave the course with the ability to frame the important questions required to evaluate potential business strategies and operational issues in each sector of the healthcare industry.","No","3","3","-","-","-"
"BUS","504M","Valued Based Healthcare Delivery","-","No","1.5","1.5","-","-","-"
"BUS","510","Structured Problem Solving","This course helps students learn and apply practical frameworks and systematic processes for addressing complex, real-world problems and facilitating effective action. It helps solidify an enterprise view by integrating across the lessons and tools of multiple Core courses. It bridges the ideas of the classroom and the practical actions and complications of the real world - and especially the challenges of team-based projects, which define much of the post-MBA work environment. Students work in teams to apply a structured approach to problem solving that gives problem owners the clarity and confidence to take action.","No","1.5","1.5","-","-","-"
"BUS","510Y","Structured Problem Solving","This course cultivates strategic thinking and cross-functional problem-solving skills vital for leadership roles. Through real-world case studies and collaborative group projects, students learn to frame issues, analyze data, and develop actionable solutions. It serves as a cornerstone for the IMPACT course and prepares students to navigate complex business environments with confidence and clarity.","No","1","1","-","-","-"
"BUS","511","Effective Communication and Storytelling","This course sharpens students' ability to communicate clearly and persuasively in professional settings. Emphasizing storytelling as a leadership tool, students learn to structure narratives, tailor messages to diverse audiences, and present ideas with impact. Designed for the digital age, the course empowers students to influence stakeholders and drive business decisions through compelling, strategic communication.","No","1.5","1.5","-","-","-"
"BUS","511Y","Effective Communication and Storytelling","This course sharpens students' ability to communicate clearly and persuasively in professional settings. Emphasizing storytelling as a leadership tool, students learn to structure narratives, tailor messages to diverse audiences, and present ideas with impact. Designed for the digital age, the course empowers students to influence stakeholders and drive business decisions through compelling, strategic communication.","No","1","1","-","-","-"
"BUS","536","Washington Campus","An intensive, experiential residency course that brings together students & policy makers & executives who teach how government works & how public policy is made; how specific organizations & industries are affected; & how public affairs & public policy can be effectively & ethically managed .This course is delivered by The Washington Campus, a non-partisan, non-profit, higher education consortium & managed by the faculty of record.","No","2","3","-","-","-"
"BUS","560","Design Thinking","Design thinking is a powerful approach for developing practical, creative solutions to real-world problems. It uses the mindset & methods of design practitioners to identify & address human needs by developing functional & emotionally meaningful products, services, processes, & spaces. In this course, you will learn the fundamental phases of the design thinking process. You will observe & interview real users in the field to get a better understanding of their challenges around experience with a product, service, process, or space.","No","3","3","-","-","-"
"BUS","565M","Management & Leadership Communication","Management and Leadership Communication builds on the critical thinking skills you developed in your undergraduate degree, and then applies those skills to leadership positions in organizations.  In this class, you will learn behaviors, communication strategies, and management communication norms that prepare you succeed as a leader.  
Communication is most effectively mastered through practice. Therefore, Management & Leadership Communication requires experiential learning and highly interactive participation. In class, you will develop your skills through discussions, role plays, presentations, and exercises; outside of class your strategy development, iterative writing, and analysis of the readings furthers the foundation of your communication skills.","No","3","3","-","-","-"
"BUS","571R","Global Experiential Module","-","No","1","1","-","-","-"
"BUS","580M","Personal & Professional Development","This Professional Development course is composed of a series of sessions, workshops, guided exercises, and assignments designed to help identify how to leverage your combined undergraduate and MiM experience toward a career, as well as position you for success at Goizueta and beyond. This course will provide you with the background research,tools and life-long skills to market your most important product, you.
You will learn about different industries and functions, learn effective methods for job search, and sharpen your interview skills.  As you embark on your MiM journey, you¿ll explore how your personal interests and undergraduate training, when augmented by business knowledge, will align with potential careers, and then you¿ll refine your personal brand to form a strategy to kick-start your career.","No","2","2","-","-","-"
"BUS","581","Business Communications Strategy","Communication skills are critical to your success at Goizueta. Business Communication Strategy creates the foundation for strong communication & introduces the dynamics of interpersonal & organizational communication. You will create, develop, & deliver professional presentations & documents, individually and in a team. Through the Birkman® assessment, you will increase your self-awareness, which helps you identify your most productive communication style.","No","1","1","-","-","-"
"BUS","583","Legal Environment and Business Ethics","Survey of the legal environment in which business enterprises operate. Topics include jurisprudential thought, sources of law, separation of powers, business ethics, constitutional law, regulation of interstate commerce, bill of rights, administrative law, and civil procedure.","No","1","1","-","-","-"
"BUS","585","Transitioning from Boots to Loafers","The goal of this course is to provide the veteran students with a holistic examination and study of the process of a military service member going through 'Transition, Transformation, and Integration; as they move from a military career into the business world. It will build upon other courses in the Master in Business for Veterans Program, from what they learned in their 'Academic Boot Camp,' Principled Leadership Course, and Career Development Program. They will learn about applying their experiences and leadership from a military context into a business setting while leveraging lessons from veteran business leaders on how to navigate a business culture.","No","1","1","-","-","-"
"BUS","590R","Executive Education","This course is designed to offer a number of special topics courses.","No","1.5","1.5","-","-","-"
"BUS","591","Cornerstone","Provides a foundation for professional development that continues throughout your MBA education, and beyond. Cornerstone has three main focus areas: Leadership and Teamwork, Presentation Skills, and Professional Development. Each area is essential to the overall development and success of the MBA student and professional. Focusing on Leadership and Teamwork, Presentation Skill, Professional Development Series.","No","0","0","-","-","-"
"BUS","591A","Goizueta Plus","Provides a foundation for professional development that continues throughout your MBA education, and beyond. Cornerstone has three main focus areas: Leadership and Teamwork, Presentation Skills, and Professional Development. Each area is essential to the overall development and success of the MBA student and professional. Focusing on Leadership and Teamwork, Presentation Skill, Professional Development Series.","No","0","0","-","-","-"
"BUS","591Y","Cornerstone","-","No","0","0","-","-","-"
"BUS","593","Tech Trends and Transformation","Focused on the intersection of business and emerging technologies, this course equips students to lead in a rapidly evolving digital landscape. Students explore current tech trends and their strategic implications, gaining insights into innovation, disruption, and digital transformation. Through analysis and case work, they learn to align technology solutions with business objectives to drive organizational growth.","No","1.5","1.5","-","-","-"
"BUS","593V","Tech Trends and Transformation","This 1-credit course offered in the Master-in-Business for Veterans (MBV) Program is designed to provide students with an understanding of technology's role in business and its application in generating business value. The course will touch upon the frameworks for managing change and innovation while addressing specific current technologies impacting the world of business. Further, the course will discuss governance issues from the perspectives of (1) corporate governance, (2) regulation, (3) privacy, and (4) ethics.","No","1","1","-","-","-"
"BUS","593Y","Tech Trends & Transformations","Focused on the intersection of business and emerging technologies, this course equips students to lead in a rapidly evolving digital landscape. Students explore current tech trends and their strategic implications, gaining insights into innovation, disruption, and digital transformation. Through analysis and case work, they learn to align technology solutions with business objectives to drive organizational growth.","No","1","1","-","-","-"
"BUS","594","Professional Development","The Professional Development course is facilitated by the Graduate Career Management Center to prepare Full-time MBA students for the MBA recruiting process and for future career transitions. The course covers the foundational skills required for a successful job search, including resume writing, conducting company research, networking, and interviewing.","No","0.5","0.5","-","-","-"
"BUS","596","Internship","Internship","No","1","12","-","-","-"
"BUS","596A","Summer Applied Experience","This course offers MF and MSBA students the opportunity to apply classroom knowledge in a real-world corporate setting through a supervised internship. Students will engage in analytical, financial, or strategic projects, gaining practical experience, professional skills, and industry insight while contributing meaningfully to organizational goals.","No","1","1","-","-","-"
"BUS","596C","Internship","This course provides an opportunity for MSBA and MF students to gain additional practical experience applying the knowledge, tools, and techniques learned throughout their respective programs. MSBA students may focus on the application of Machine Learning and AI techniques learned throughout the program, while MF students may focus on the application of financial analysis, valuation, financial modeling, risk management, investment analysis, or other finance-related concepts and techniques.
Students registering for this course should have a clear problem statement that outlines how the different tools and techniques learned in their program will be applied to solve an industry problem and how they will gain expertise in a business domain by working with a firm.","No","1","1","-","-","-"
"BUS","597R","Special Topics","-","No","3","3","-","-","-"
"BUS","599S","Special Topics","This course is designed to offer a number of the new course topic.","No","0","12","-","-","-"
"BUS","600M","Immersive Project Elective","In this course students will work with an external organization to address a problem or research issues of strategic importance. Instructors will prepare students in the classroom to research, analyze, and develop insights. In teams students will then develop a culminating set of final recommendations presented to a panel of constituents and judges.
Projects will be developed on student interest to include opportunities working with challenges related to: sustainability, global economic development, marketing and communications, non-profit outreach, health and wellness and/or entrepreneurship.
Students will put theory into action, gain exposure to a professional organizational setting, blend liberal arts background with business knowledge, work in teams, solve complex multi-layered problems, and acquire experience and transferable skills.","No","3","3","-","-","-"
"BUS","671R","Domestic Module","-","No","1","1","-","-","-"
"BUS","692","Goizueta Adv. Leader Academy","-","No","1","1","-","-","-"
"BUS","694","Study Abroad","Enroll in academic courses through our respected international partner institutions. Participate in an Emory approved study abroad program, a unique opportunity to gain immersive educational experiences while earning credit in diverse subject areas. This program allows you to expand your academic horizons, engage with different cultural perspectives, and enhance your global understanding through direct enrollment in courses that complement your educational journey at Goizueta Business School.","No","1","18","-","-","-"
"BUS","694A","Study Abroad","BUS 694A offers students a unique, full-immersion experience in global business practices. This short course abroad is designed to allow students to enroll directly in a local university, engaging with the local academic community and industry leaders to gain firsthand knowledge of international business approaches and analysis. Due to the intensive nature of the administrative coordination required for this program, including liaising with multiple global entities and managing complex logistics, an increased administrative fee is applied. This fee covers the additional support services Emory University provides to ensure a seamless and enriching educational experience abroad. Students should prepare for a rigorous academic schedule complemented by networking opportunities with local business leaders and students from other universities.","No","1","18","-","-","-"
"BUS","694B","Study Abroad","BUS 694B extends a total immersion experience to students eager to dive deep into global business strategy within a different cultural framework. Participants will enroll at a partner institution abroad, gaining exposure to new strategic perspectives and cultural contexts. This course is tailored for students to explore international business strategies through classroom instruction and practical, real-world application. BUS 694B focuses on the academic engagement, offering students a comprehensive understanding of global markets and the opportunity to apply theoretical knowledge in a diverse setting. Due to the administrative coordination involved in this program, including liaising with multiple global entities, a modest administrative fee is applied.","No","1","18","-","-","-"
"BUS","695","Practicum","-","No","1","12","-","-","-"
"BUS","696","Applied Practicum","Practicum","No","1","12","-","-","-"
"BUS","697","Directed Study","-","No","1","12","-","-","-"
"BUS","698","International Module","EVMBA","No","2","2","-","-","-"
"BUS","699","International Module","International Travel","No","3","3","-","-","-"
"BUS","990","Non-Business Elective Abroad","-","No","1","16","-","-","-"
"BUS","991","Non-Business Elective Abroad-Global","-","No","1","16","-","-","-"
"BUS","992","Non-Business Elective Abroad-HAL","-","No","1","16","-","-","-"
"BUS","993","Non-Bus Elective Abroad-HAP","-","No","1","16","-","-","-"
"BUS","995","Seminar Abroad","-","No","1","16","-","-","-"
"BUS","999NON","Non Business Elective Study Abroad","-","No","4","4","-","-","-"
"BUS","999SEM","Seminar Study Abroad","-","No","1","16","-","-","-"
"FIN","201","Business Economics","This course in Business Economics will provide the fundamental tools in understanding the workings of markets and those participating in markets. Topics from microeconomics include the following: demand functions, production and supply functions, elasticity, market equilibrium, the theory of consumer choice, market efficiency, externalities, price controls and tax, market structure, and profitability. Topics from macroeconomics include: macroeconomic statistics, models of aggregates, the workings of the Federal Reserve Bank, monetary policy, fiscal policy, labor markets, and trade. We will also cover an introduction to finance.","No","3","3","-","-","-"
"FIN","220","Finance for Non-BBA Students","Introduction to the underlying models and thoeries of finance. The course is designed to be delivered as a hands-on style such that non-business students can learn the usefulness of finance models and theories.","No","3","3","-","-","-"
"FIN","320","Corporate Finance","This course provides an introduction to finance. It addresses the theory and practice of financial management and the generation and allocation of financial resources. It has three major objectives:  
1. To provide you with a foundation in the basic concepts of finance, including the time value of money, the role of financial markets, asset valuation, portfolio theory, asset pricing, and the risk-return tradeoff. 2. To develop your skills in financial analysis, planning, and decision-making. 3. To expand your awareness of institutions and practices in business and finance.","No","3","3","-","-","-"
"FIN","321","Economics & Finance of Film","Introduces students to the underlying economic structure and financing of films and current trends impacting filmmaking and its role in the overall U.S. economy. This course will explore contemporary models and theory of finance as they relate to the film industry as well as finance and economic theory in such areas as industrial organization, public finance, and labor economics within the context of the film industry. Special consideration is given to both major studios and independent films and emphasis is placed on examining issues related to development, production and post-production costs as well as industry-specific financial considerations.","No","3","3","-","-","-"
"FIN","322","Impact: Strategic Valuation","This course covers the art and science of using financial and economic analysis to assess a company's current and potential value, or ""strategic value.""  A variety of financial and economic analytic tools and methodologies may be used (e.g. regression analysis, ratio analysis, ROI analysis, DCF and multiples analysis, cost of capital estimation, etc.) to understand an industry or the key value drivers of a business. The foregoing analysis should lead to insights regarding possible actions or new initiatives that a company can pursue in order to sustain or create value.","No","3","3","-","-","-"
"FIN","323","Investments","The objective of this course is to prepare students to work in the areas of portfolio management, stock research and investment banking. The course will primarily focus on security analysis and management of stock portfolios. We will also cover fundamentals of options on stock and fixed-income securities.","No","3","3","-","-","-"
"FIN","324","Sports Finance","Provides students with knowledge of the theories and models pertaining to the sports industry such that students can identify the common practices within the industry, understand the fundamental workings of different markets, utilize a range of economics and finance tools to examine the practices within the industry, and apply these tools to industry problems within the market for sports.","No","3","3","-","-","-"
"FIN","382","Real Estate Law","This course equips undergraduate students with the foundational legal knowledge and skills necessary to navigate the complexities of real estate transactions. Students will explore key legal terms and documents essential to real estate deals, with a practical focus on how transactions are structured and executed in the industry.
The course covers a range of topics, including the legal aspects of real estate transactions, financing, and leasing. Students will learn about important elements such as letters of intent, purchase and sale agreements, due diligence processes, the capital stack, equity structures, senior and mezzanine loans, and various business entities like LLCs, LPs, and corporations. Additionally, the course introduces fundamental leasing concepts and terms across different asset classes.
Students will also gain an understanding of construction law basics, land use and zoning regulations, and strategies for dispute resolution and avoidance in the real estate context.","No","3","3","-","-","-"
"FIN","389","Mergers & Acquisitions","The course objectives are to provide an understanding of drivers of value creation and destruction in mergers and acquisitions (M&A) and to develop skills in the design and evaluation of these transactions. The focus of the course will be primarily to analyze M&A from the perspective of a financial advisor, integrating issues from economics, accounting, law, strategy and organizational behavior where appropriate. The theoretical justification for M&As is grounded in understanding the sources of firm value and how certain transactions enhance value. However, the reality may often be better understood by identifying the most powerful decision-makers and their private benefits.","No","3","3","-","-","-"
"FIN","399R","Special Topics in Finance","Special Topics in Finance: Healthcare Business.","No","1","12","-","-","-"
"FIN","400","Study Abroad Finance Elective (General Elective)","Study Abroad Finance Elective (General Elective)","No","1","16","-","-","-"
"FIN","401","Study Abroad Finance Elective (Global)","Study Abroad Finance Elective (Global)","No","1","16","-","-","-"
"FIN","403","Global Macroeconomic Perspectives","The objective and goal of this course is to broaden your awareness of the impact of global economic, financial, political, and demographic trends on business.  The class provides conceptual frameworks and tools for analysis critical to conducting business in the international environment.  Implications for human as well as economic development are discussed.  The class will enable students to think globally and strategically; develop diverse perspectives on global business, the macroeconomy, and the future; and understand the increasing global connections that impact business and finance.","No","3","3","-","-","-"
"FIN","409","Study Abroad Finance Elective (Related)","Study Abroad Finance Elective (Related)","No","1","16","-","-","-"
"FIN","420","Advanced Corporate Finance","The course is structured along the ""life cycle"" of a firm, covering the following topics: (1) Early-stage financing and IPO, introduction of financing securities, and how they align entrepreneurs with their capital providers. (2) Financial management of a publicly traded firm (or mature private firm): Optimal capital structure; merger and acquisitions, risk management, corporate control and takeovers, and shareholder activism. (3) Going private/buyout, and bankruptcy. The course immerses with issues an executive, investor, a banker, or an analyst encounters, and connects to current issues.","No","3","3","-","-","-"
"FIN","422","Advanced Financial Markets","The purpose of this course is to tie together many of the concepts you have been taught during your undergraduate studies and to prepare the student for a career, perhaps in the financial markets.  The course has been designed to study economic and financial theory from the daily changes in market prices, rather than from a textbook.","No","3","3","-","-","-"
"FIN","424","Derivatives","This is a course dealing with the valuation and use of derivative financial assets. Initially we will study option contracts. We will consider relative pricing requirements for these contracts enforced by arbitrage. Extension of this technique will lead to the derivation of exact valuation models. During the second portion of the course we will study futures contracts. The focus again will be on relative pricing requirements enforced by arbitrage. The overall objective of the class is to give students skills to assess the values and risks of derivative assets and to develop trading and hedging strategies based on their analyses.","No","3","3","-","-","-"
"FIN","425","Real Estate Finance","This course covers the contemporary principles of valuation, acquisition, financing, and financial management of real property. Emphasis is on the analytical techniques of mortgage lending, valuation, tax factors, investor objectives, and trends in the industry.","No","3","3","-","-","-"
"FIN","427","International Finance","This course extends the principles of finance to the international context. Topics include exchange rate determination, the international monetary system, foreign exchange markets, currency futures, currency options, currency swaps, parity conditions, risk management, currency trading, and foreign investments.","No","3","3","-","-","-"
"FIN","428","Investment Banking","This course is intended to give students an idea of the work conducted by investment banks. Areas reviewed will include debt financing, equity underwriting, merger & acquisition advisory assignments, and trading activity. Special emphasis will be placed on the methods commonly applied when conducting valuation, debt capacity, and transaction analysis. In addition, to provide context, there will be a brief summary of investment banking history and of the peripheral players (private equity and hedge funds) which increasingly interact with banks.","No","3","3","-","-","-"
"FIN","428B","Venture Capital & Private Equity","This course explores venture capital and private equity utilizing case studies, problem sets and extensive class discussion to build the intuition needed to understand the industry. There is an emphasis on honing skills necessary to understanding the financial and economic tools used in leveraged buyouts and venture capital investing. The class addresses (1) industry structure, strategies and motivations, (2) types of private equity transactions and, (3) transaction structures. The course prepares students interested in a variety of finance careers. See www.emoryprof.com.","No","3","3","-","-","-"
"FIN","429","Fixed Income","During this course we will study primary fixed income securities such as bonds (Treasury, corporate, municipal, foreign bonds, etc), as well as structured finance fixed income such as mortgage backed securities, asset backed securities,  CMOs, CDOs, and credit default swaps (CDSs).   Although the material may get advanced and mathematical at times, this course has been specifically designed for an undergraduate student with no prior background into fixed income.","No","3","3","-","-","-"
"FIN","430","Foundations of FinTech","This is an introductory course on financial technology (FinTech). The course exposes BBA students to the basics, implementation, and use cases of FinTech in financial intermediation (e.g., banking, credit, payments). The topics include big data, automation, machine learning, P2P lending, crowdfunding, blockchain, cryptocurrencies, and ICOs. The course is delivered through interactive lecturettes, in-class activities, and group projects. The course is most relevant for consulting, investment banking, private equity, entrepreneurship, and corporate finance roles.","No","3","3","-","-","-"
"FIN","481","Frontiers & Illiquid Assets","This course is designed for MBAs and BBAs interested in investing in the emerging, illiquid segments of the alternative investment space. This course will cover illiquidity and modern portfolio theory, asset correlations, trends, and valuation techniques through the lens of four illiquid asset classes: cryptocurrency, reinsurance, ESG infrastructure, and art. Course elements include guest lectures by industry leaders and practical applications for investing in the next frontier of alternative assets. More information at www.emoryprof.com.","No","3","3","-","-","-"
"FIN","482","Real Estate Market Analysis","This course includes an introduction to the principles of real property analysis and use. Subjects include the nature of real estate and real property, principles of location theory, and an examination of the processes used to analyze the supply and demand for real estate. General methodologies for market studies are developed and then applied to the residential, retail, and office sectors. The course also explores demographic, technological, economic, and social trends that affect these real estate markets into the future. Techniques of spatial analysis are introduced.","No","3","3","-","-","-"
"FIN","483","Applied Investment Mgt","This course uses academic studies, practitioner-oriented readings, articles from the popular press, and a term project to cover both conventional wisdom and state-of-the-art methods used in managing a stock portfolio. Enrolled students comprise the Goizueta Business School Student Investment Fund, LLC, responsible for managing a portfolio of real assets. The entire investment portfolio consists of student stock picks. As a term project, students develop and present to the class their own quantitative model. Course topics include active stock selection emphasizing quantitative selection methods, trading, databases, software, performance evaluation, risk management, brokerage accounts, and the money management industry.","No","3","3","-","-","-"
"FIN","484","Advanced Derivatives Assets","This course will build upon knowledge obtained in the course FIN 424/624. Using the fundamental pricing technique and the valuation models derived from this technique, various extensions and applications will be examined. These will primarily be equity-based, though some fixed-income products will be analyzed. The perspective of both the derivatives dealer and the end-user of derivative products will be taken, the latter including hedgers, speculators, and arbitrageurs. Securities from the exchange-traded and over-the-counter markets will be examined. The topics covered include financial engineering, structuring, and product design, numerical methods (e.g. Monte Carlo simulation) and the mathematics of derivatives pricing.","No","3","3","-","-","-"
"FIN","485","Entrepreneurial Private Equity","This course is designed for students interested in better understanding (i) how the private equity industry works, (ii) how to structure the acquisition of a business and (iii) how to make money by leveraging key value drivers in a business. Unlike traditional courses, this course takes a unique approach by bringing in leading experts and practitioners to provide industry perspectives for almost every class. More information at www.emoryprof.com.","No","3","3","-","-","-"
"FIN","486","Real Estate Equity Investment","This course presents information on investment in and valuation of income-producing real estate, both in public company and direct property formats.  It examines the relationship of project and entity valuation to various financial and performance metrics, sources and uses of capital, and management decisions.  Direct investment concepts covered include cash flow analysis, net present value, internal rate of return and yield capitalization in addition to public market measures such as Funds From Operations and financial reporting via SEC filings.","No","3","3","-","-","-"
"FIN","488","Real Estate Development and Investment","This course will present a comprehensive look at the real estate development & investment process. The curriculum will discuss the broad concepts and techniques employed in a successful real estate investment, both new development and through acquisitions. The class will tackle specific components of a real estate asset and the individuals involved in the successful execution of a project.","No","3","3","-","-","-"
"FIN","489","Advanced Real Estate Finance","This course provides for advanced application of theory and techniques for analysis of the equity position in real estate ownership utilizing readings and cases.  It considers the impact of leverage, creative financing, and federal tax policies and concentrates on the evaluation of the basic productivity of real estate assets based on net cash flows. Particular attention is paid to the operation of the capital markets and portfolio theory.","No","3","3","-","-","-"
"FIN","495","Distressed Investing","The course surveys distressed investing with a focus on real estate. The first module covers the institutional structure of the distressed market and valuation techniques. The second module features a broad overview of distressed investing strategies across the capital structure and market segments. The third module provides an in-depth analysis of distressed investing techniques. The primary audience for this course is finance majors interested in careers in real estate finance or in private equity and hedge funds. The secondary audience is students planning careers that have significant interaction with real estate finance and/or private equity and hedge fund industries. More information at www.emoryprof.com.","No","3","3","-","-","-"
"FIN","497","Directed Study","A Directed Study (DS) is conducted with permission and semi-autonomously, under the supervision of a Goizueta faculty member. The content should represent a line of intellectual inquiry that is aligned with, but falls outside, what is available in the context of the School's elective offerings. It replaces an academic course and may carry variable academic hours. The DS project should contain significant & commensurate content that carries the rigor, time commitment & standards of an elective in the area of study.","No","1","16","-","-","-"
"FIN","499R","Special Topics","Special topics courses include courses that address a current or timely topic, that are in a ""pilot"" phase before being offered on an ongoing basis, or that are known to be one time offerings. Special topics course offerings can vary from term to term.","No","1","12","-","-","-"
"FIN","501A","Managerial Economics","This course in microeconomics will provide the fundamentals in understanding the how scarce resources and allocated in a system of unlimited wants. We will be examining how firms and workers respond to incentives, how tools & statistics help us determine the most efficient use of resources, how firms profit maximize and how markets arrive at equilibrium.","No","1.5","1.5","-","-","-"
"FIN","501B","Economic Analysis for Managers","Economics is the study of how best to allocate scarce resources.  Typically, the focus of economics coursework is on how governments/societies can best meet the needs of a population given its human, financial, and natural resource constraints.  In an MBA program, the study of economics is aimed at the decisions that managers make to maximize the value of the firm. The objectives of this course are to show you how elements of microeconomics can be applied to managerial decision-making and to prepare you for subsequent courses in the MBA curriculum by giving you a foundation in microeconomic theory.","No","3","3","-","-","-"
"FIN","501C","Managerial Economics","This course in microeconomics will provide the fundamentals in understanding the how scarce resources and allocated in a system of unlimited wants. We will be examining how firms and workers respond to incentives, how tools & statistics help us determine the most efficient use of resources, how firms profit maximize and how markets arrive at equilibrium. For MEMBA students.","No","2","2","-","-","-"
"FIN","501D","Managerial Economics","This course in microeconomics will provide the fundamentals in understanding the how scarce resources and allocated in a system of unlimited wants. We will be examining how firms and workers respond to incentives, how tools & statistics help us determine the most efficient use of resources, how firms profit maximize and how markets arrive at equilibrium. For MEMBA students.","No","1","1","-","-","-"
"FIN","501M","Managerial Economics","-","No","3","3","-","-","-"
"FIN","501Y","Economics","Economics is the study of how best to allocate scarce resources. Typically, the focus of economics coursework (especially undergraduate) is on how governments/societies can  best meet the needs of a population given its human, financial, and natural resource constraints. In  an MBA program, the study of economics is aimed at the decisions that managers make, both short  term and long term, to maximize the value of the firm. The objectives of this course are to show  you how elements of microeconomics can be applied to managerial decision­making and to prepare  you for subsequent courses in the MBA curriculum by giving you a foundation in microeconomic  theory.","No","1","1","-","-","-"
"FIN","503","Global Macroeconomic Perspective","The objective and goal of this course is to broaden your awareness of the impact of global economic, financial, political, and demographic trends on business.  The class provides conceptual frameworks and tools for analysis critical to conducting business in the international environment.  Implications for human as well as economic development are discussed.  The class will enable students to think globally and strategically; develop diverse perspectives on global business, the macroeconomy, and the future; and understand the increasing global connections that impact business and finance.","No","3","3","-","-","-"
"FIN","504","Introduction to the Business of Healthcare","This course will explore the political issues and fundamental business models used by different industry participants - including government agencies, insurers, providers, pharmaceutical companies, device makers, and post-acute care providers. This course introduces the framework of a value-based health care delivery system with the goal of maximizing value for patients. This course is intended to stimulate thinking about how the various players in the US healthcare system must change their strategies, operations, and measurement of health care outcomes if the US is to improve the value of care provided over the current delivery system.","No","3","3","-","-","-"
"FIN","504A","The Business of Healthcare","Core Exec MBA Program","No","1.5","1.5","-","-","-"
"FIN","507","Impact: Healthcare","The goal of the course is to provide students with the opportunity to get hands-on coaching in applying the frameworks and processes assessing healthcare firms, as well as deeper dives into the issues and challenges as they relate to the healthcare system.
The main activity for the course will relate to your client-sponsored project. To manage this project, student teams will need to define the problem or challenge; devise clear work plans; conduct due diligence; research and collect data; build models and analyze relevant information; extract insights; produce a final report; and present conclusions and recommendations to the client.","No","3","3","-","-","-"
"FIN","520","Managerial Finance","This course uses several quantitate tools and excel formulas to teach students to compute important concepts to determine fundamental values of assets and corporate financial decisions. Students are assigned problems sets and cases that present real-world problems faced by corporate managers, and students apply the concepts and they learn in course to solve these problems.","No","3","3","-","-","-"
"FIN","520A","Managerial Finance","This course uses several quantitate tools and excel formulas to teach students to compute important concepts to determine fundamental values of assets and corporate financial decisions. This course is an introduction to the theory and practice of finance. The focus will be on the issues and responsibilities facing a financial manager, and the investment and financing decisions of corporations and individuals. The approach we will take to effectively make these decisions is to understand the creation of value through cash flow analysis and the study of the tradeoffs between and among risk, return, and impact. Specifically, the course covers topics such as the time value of money, net present value (NPV), internal rate of return (IRR), valuation, analysis of risk and return, capital markets, and a firm's capital structure. We will also at various times discuss the role of finance in a capitalistic economic system that accounts for both shareholder value and stakeholder value.","No","1","1","-","-","-"
"FIN","520B","Managerial Finance","This course is an introduction to the theory and practice of finance. Specifically, it covers topics such as the time value of money, net present value (NPV), internal rate of return (IRR), valuation, analysis of risk and return, capital markets, and a firm's capital structure. The goal is to gain an understanding of finance and the financial instruments and models typically utilized for both individual and corporate decision making. Among the tools used in the learning process will be the required textbook, articles, problems/cases, and, of course, classroom lecture/discussion.","No","2","2","-","-","-"
"FIN","520M","Intro.to Financial Management","This course is an introduction to the theory and practice of finance with the objective of gaining an understanding of finance and the financial instruments and models typically utilized for both individual and corporate decision-making. The focus will be on the issues and responsibilities facing a financial manager, and the investment (capital budgeting) and financing (capital structure) decisions of corporations and individuals. The approach we will take to effectively make these decisions is to understand the creation of value through cash flow analysis and the study of the tradeoffs between and among risk, return, and impact. 
Specifically, the course covers topics such as the time value of money, net present value (NPV), internal rate of return (IRR), valuation, analysis of risk and return, capital markets, and a firm¿s capital structure. We will also discuss the role of finance in a capitalistic economic system that accounts for both shareholder value and stakeholder value.","No","3","3","-","-","-"
"FIN","520Y","Management Finance","This course is an introduction to the theory and practice of finance. Specifically, it covers topics such as the time value of money, net present value (NPV), internal rate of return (IRR), valuation, analysis of risk and return, capital markets, and a firm's capital structure. The goal is to gain an understanding of finance and the financial instruments and models typically utilized for both individual and corporate decision making. Among the tools used in the learning process will be the required textbook, articles, problems/cases, and, of course, classroom lecture/discussion.","No","2","2","-","-","-"
"FIN","522","Impact: Strategic Valuation","This course covers the art and science of using financial and economic analysis to assess a company's current and potential value, or ""strategic value.""  A variety of financial and economic analytic tools and methodologies may be used (e.g. regression analysis, ratio analysis, ROI analysis, DCF and multiples analysis, cost of capital estimation, etc.) to understand an industry or the key value drivers of a business. The foregoing analysis should lead to insights regarding possible actions or new initiatives that a company can pursue in order to sustain or create value.","No","3","3","-","-","-"
"FIN","526","Financial Intelligence","The class objective is to develop financial decision-making skills in a variety of different settings.  We will develop core modern finance skills as part of the tool-kit and apply the concepts to a variety of different real-world industry verticals.  The class is very applied in nature.There will be field-work classes (formal lecture substituted by library, internet research) that will require you to learn about industry verticals.","No","3","3","-","-","-"
"FIN","527","Financial Markets","This course will study the ""nancial markets"" and the ""nancial intermediaries"" that make the markets operate. Attention will be given to both the short-term money markets and the long-term capital markets (""bonds"" and ""stocks"") as a source of more permanent financing. Among the institutions examined will be securities brokers and dealers, commercial and investment banks, and investment companies and partnerships. A natural extension of the study of institutions is a discussion of the role of central banks and their conduct of monetary policy. Lastly the course will look at financial innovation in the markets and the occurrence of financial crises.","No","3","3","-","-","-"
"FIN","529","Project Finance","Generally speaking, project finance refers to financings where the terms and conditions of the debt are directly related to the specific purpose for which the proceeds will be used. In project financing lenders often rely only on the cash flows of those projects for repayment and have no recourse to the broader balance sheet of the sponsoring corporation.  Project financing activities are often referred to as ""structured finance"" since the repayment schedule and covenant packages for this debt are likely to reflect specific project cash flows or other characteristics of the assets being financed.","No","3","3","-","-","-"
"FIN","529G","Project Finance","Generally speaking, project finance refers to financings where the terms and conditions of the debt are directly related to the specific purpose for which the proceeds will be used.  In project financings lenders often rely only on the cash flows of those projects for repayment and have no recourse to the broader balance sheet of the sponsoring corporation.  Project financing activities are often referred to as ""structured finance"" since the repayment schedule and covenant packages for this debt are likely to reflect specific project cash flows or other characteristics of the assets being financed.","No","3","3","-","-","-"
"FIN","555A","Financial Data","This bootcamp provides a refresher on all four financial statements (in the context of macro economic factors - rising inflation, rising interest rates, foreign currency headwinds): the statement of operations (P&L), Balance Sheet, Statement of Cash Flows, and the Statement of Shareholders' Equity. The session reviews how to read a financial statement and to derive stories of the performance of the company including trends in top-line and bottom line growth, EPS, dividends, key ratios reflecting financial position of the company. All keys to fundamental analysis. The course also focuses on the impact of special events such as stock splits and supply chain issues on financial statements.","No","0","0","-","-","-"
"FIN","555B","Business Statistics","In this course, students will use excel, R, R Studio, and other technology to identify the statistical elements of data. Students will learn how to load data and perform summary statistics and general statistical analysis on the data. Student will learn the coding for mean, median, modes, and variance and will learn how to create frequency distributions, density plots, correlation coefficients, and other commonly used statistical measures.","No","0","0","-","-","-"
"FIN","555C","Technology Bootcamp","In this course, students will review essential concepts of the Python (v.3) language, focusing on data science and financial analytics. Topics will include variables; classes & data structures; functions & methods; control flow; statistics; and simple interaction with SQL databases. Students will practice operations such as regressions, statistical analysis, and interactions with financial data systems (e.g., WRDS). Some topics may be condensed in winter offerings in lieu of adding basic visualization; decision algorithms (clustering, k-means, decision trees, etc.); and other topics.","No","0","0","-","-","-"
"FIN","582","Real Estate Law","This course provides students with the essential legal knowledge and skills needed to navigate the complexities of real estate deals. Students will be introduced to fundamental legal terms and documentation used for real estate transactions and financing, with a focus on the legal aspects of how deals get done in the real world.
The course will provide an overview of the legal aspects of real estate transactions, financing, and leasing, and will touch subjects such as letter of intent, purchase and sale agreement, due diligence, the capital stack, equity and preferred equity, senior and mezzanine loans , as well as different entity structures like LLCs, LPs and corporations. In addition, basic leasing concepts and terms will be discussed across various asset classes. The course will also provide introductory looks at construction law, land use and zoning laws and other regulations, and dispute resolution (and avoidance) in the context of real estate.","No","3","3","-","-","-"
"FIN","587","Impact: Real Estate","-","No","3","3","-","-","-"
"FIN","588","Advanced Managerial Economics and Analytics","This course in microeconomics will provide the fundamentals in understanding the how scarce resources and allocated in a system of unlimited wants. We will be examining how firms and workers respond to incentives, how tools & statistics help us determine the most efficient use of resources, how firms profit maximize and how markets arrive at equilibrium.","No","3","3","-","-","-"
"FIN","589","Mergers & Acquisitions","The course objectives are to provide an understanding of the drivers of value creation and destruction in mergers and acquisitions (M&A) and to develop skills in the design and evaluation of these transactions. Familiarity with M&A is a foundation for effective work in a wide range of fields including investment banking, private equity, consulting, corporate development, and advising senior management. The focus of the course will be primarily to analyze M&A from the perspective of a financial advisor, integrating issues from economics, accounting, law, strategy and organizational behavior where appropriate.","No","3","3","-","-","-"
"FIN","589A","Mergers & Acquisitions","The course objectives are to provide an understanding of the drivers of value creation & destruction in mergers & acquisitions and to develop skills in the design and evaluation of these transactions. Familiarity with M&A is a foundation for effective work in a wide range of fields including investment banking,private equity,consulting, corporate development & advising senior management. The focus of the course will be primarily to analyze M&A from the perspective of a financial advisor, integrating issues from economics, accounting, law, strategy and organizational behavior where appropriate.","No","2","2","-","-","-"
"FIN","589B","Mergers & Acquisitions","The course objectives are to provide an understanding of the drivers of value creation & destruction in mergers & acquisitions and to develop skills in the design and evaluation of these transactions. Familiarity with M&A is a foundation for effective work in a wide range of fields including investment banking,private equity,consulting, corporate development & advising senior management. The focus of the course will be primarily to analyze M&A from the perspective of a financial advisor, integrating issues from economics, accounting, law, strategy and organizational behavior where appropriate.","No","1","1","-","-","-"
"FIN","591","Quantitative Strategies and Financial Analytics","The objective of this course is to teach the application of cutting-edge analytical techniques for decision-making in key areas of investments, banking, and real estate. Specifically, the topics covered include:
- Quantitative Models for Stock Selection: Develop and implement models that utilize financial data to identify stocks to buy or sell, manage Risk-return tradeoff, evaluate Portfolio Performance
- Determine the likelihood of corporate financial distress
- Determine home values using key property features.","No","3","3","-","-","-"
"FIN","599R","Special Topics","-","No","1","12","-","-","-"
"FIN","601","Managerial Economics","-","No","3","3","-","-","-"
"FIN","620","Advanced Corporate Finance","The course is structured along the ""life cycle"" of a firm, covering the following topics: (1) Early-stage financing and IPO, introduction of financing securities, and how they align entrepreneurs with their capital providers. (2) Financial management of a publicly traded firm (or mature private firm): Optimal capital structure; merger and acquisitions, risk management, corporate control and takeovers, and shareholder activism. (3) Going private/buyout, and bankruptcy. The course immerses with issues an executive, investor, a banker, or an analyst encounters, and connects to current issues.","No","3","3","-","-","-"
"FIN","622","Doing Deals-Private Equity","The course is designed as a workshop in which law students and business students work together to structure and negotiate varying aspects of a private equity deal, from the initial term sheet stages, through execution of the purchase agreement, to completion of the financing and closing. Private equity deals that are economically justified sometimes fail in the transaction negotiation and documentation phase. This course will seek to provide students with the tools necessary to understand and resolve difficult issues and complete successful transactions.","No","3","3","-","-","-"
"FIN","623","Security Analysis & Portfolio Mgmt","The objective of this course is to prepare you to work in the areas of portfolio management, stock research and investment banking. The course is designed to improve your understanding of the fundamental concepts of security investments. The course will primarily focus on security analysis and management of stock portfolios. We will also cover fundamentals of fixed-income securities and equity options.","No","3","3","-","-","-"
"FIN","624","Derivatives","This is a course dealing with the valuation and use of derivative financial assets. Initially we will study option contracts. We will consider relative pricing requirements for these contracts enforced by arbitrage. Extension of this technique will lead to the derivation of exact valuation models. During the second portion of the course we will study futures contracts. The focus again will be on relative pricing requirements enforced by arbitrage. The overall objective of the class is to give students skills to assess the values and risks of derivative assets and to develop trading and hedging strategies based on their analyses.","No","3","3","-","-","-"
"FIN","625","Real Estate Finance","This course covers the contemporary principles of valuation, acquisition, financing, and financial management of real property. Emphasis is on the analytical techniques of mortgage lending, valuation, tax factors, investor objectives, and trends in the industry.","No","3","3","-","-","-"
"FIN","627","International Finance","This course extends the principles of finance to the international context. Topics include exchange rate determination, the international monetary system, foreign exchange markets, currency futures, currency options, currency swaps, parity conditions, risk management, currency trading, and foreign investments.","No","3","3","-","-","-"
"FIN","627G","International Finance","This course extends the principles of finance to the international context. Topics include exchange rate determination, the international monetary system, foreign exchange markets, currency futures, currency options, currency swaps, parity conditions, risk management, currency trading, and foreign investments.","No","3","3","-","-","-"
"FIN","628","Investment Banking","This course is intended to give students an idea of the work conducted by investment banks.  Areas reviewed will include debt financing, equity underwriting, merger & acquisition advisory assignments, and trading activity. Special emphasis will be placed on the methods commonly applied when conducting valuation, debt capacity, and transaction analysis.  In addition, to provide context, there will be a brief summary of investment banking history and of the peripheral players (private equity and hedge funds) that interact with banks.","No","3","3","-","-","-"
"FIN","628A","Investment Banking","-","No","3","3","-","-","-"
"FIN","628G","Investment Banking","This course is intended to give students an idea of the work conducted by investment banks. Areas reviewed will include debt financing, equity underwriting, merger & acquisition advisory assignments, and trading activity. Special emphasis will be placed on the methods commonly applied when conducting valuation, debt capacity, and transaction analysis.There will be a brief summary of investment banking history & of the peripheral players (private equity and hedge funds) that interact with banks.","No","3","3","-","-","-"
"FIN","629","Fixed Income Portfolio Management","This course deals with the valuation and use of fixed income securities. It begins with the concept of the time-value-of-money and interest rates applied to bond pricing, and progresses through an examination of complex structured products and fixed income derivatives.Initially the focus is on the markets for fixed income securities, and the tools of pricing through the discounting of cash flows. Next, we study primary fixed income securities: Treasury bonds, corporate bonds, and municipal bonds. From there we move into the structured products of fixed income: mortgage-backed securities and CMOs. We conclude the course with coverage of fixed income derivatives, both over-the-counter (OTC) and exchange-traded (listed) products. Throughout, the course maintains a dual objective: to educate you in the principles of fixed income securities and structured finance, while at the same time giving you an understanding of how Wall Street is involved with the financial markets and the economy. Although at various points the material may appear to become advanced and mathematically technical, this course has been intentionally designed for students with no prior background in fixed income, and with a grasp of mathematics only at the level of high school algebra.","No","3","3","-","-","-"
"FIN","630","Foundations of FinTech","This is an analytical course on financial technology (FinTech). The course exposes MBA students to the foundations and business applications of FinTech in financial intermediation (e.g., banking, credit, payments). The topics include big data, automation, machine learning, P2P lending, crowdfunding, blockchain, cryptocurrencies, and ICOs. Class sessions include interactive discussions, business cases, guest speakers, and group activities. The course is most relevant for consulting, investment banking, private equity, entrepreneurship, and corporate finance roles.","No","3","3","-","-","-"
"FIN","657","Financial Econometrics","This course provides statistical tools for modeling and forecasting financial data. Topics include: Evidence on the predictability of stock and bond indexes. Forecasting equity returns with dividend yields and other standard variables. Factor models for the cross-section of equity returns, and factor selection techniques. Simulating and estimating affine models of the term structure. Time series analysis with applications to volatility modeling.","No","1.5","1.5","-","-","-"
"FIN","658","Equities and Derivatives","The course begins with an introduction to the financial markets for equity securities.  This includes both the primary and secondary markets, and the trading and regulation of equities.  Next, the focus shifts to the markets for derivative financial assets based upon equity securities.  This includes both the exchange-traded markets and the over-the-counter markets.  The primary focus is on option and futures contracts, and their use in both hedging and speculative trading strategies.","No","1.5","1.5","-","-","-"
"FIN","659","Futures and Options","The course presents the primary approach used in the pricing of options and futures contracts.  This utilizes the concept of the relative-value arbitrage argument that forms the basis for trading strategies and risk management.  A major theme is the calculation of the dynamic characteristics of these derivative assets.  Topics include comparisons between statistical and market-based parameter estimators, and between closed-form solutions and numerical methods for valuation.","No","1.5","1.5","-","-","-"
"FIN","660","Fixed Income and Credit","This course focuses upon the valuation and uses of fixed income securities.  Beginning with the fundamentals of pricing, the course moves through the modeling of the term structure of interest rates and the measurement of interest rate risk.  There is broad coverage of the different sectors of the bond markets, and of the role of bond ratings.  The course concludes with an analysis of structured mortgage products and fixed income derivative financial assets.","No","1.5","1.5","-","-","-"
"FIN","661","International 1: Currencies and Commodities","This course explores the global currency markets and how companies use analytical strategies to manage their FX exposure across different market conditions.  Students will also learn about the commodity futures markets and explore the energy markets, including short-term trading strategies, long-term investments and financing, and emerging products such as carbon emissions credits.","No","1.5","1.5","-","-","-"
"FIN","662","Investments and Portfolios","This course introduces key concepts and computations that relate to investment portfolios. Topics include the efficient frontier, asset allocation, CAPM and multi-factor models, style analysis, types of positions, performance analysis, risk, and the movement of stock prices. Computations will be based on real world data and a variety of standard software tools.","No","1.5","1.5","-","-","-"
"FIN","663","Financial Markets","This course examines the markets associated with equity and other financial investments. Topics include basic and advanced order types, stock and option trading styles, market timing, trading costs, brokers, volatility, noteworthy financial market events such as the flash crash, and the investment management industry. The topics are applied rather than theoretical, and many will be illustrated with online tools and via real world data analyzed on Excel or via other standard software packages.","No","1.5","1.5","-","-","-"
"FIN","664","Quantitative Strategies for Stocks","This course will cover quantitative models for stock selection. Students will use data from financial statements, stock prices, and trading volume to develop quantitative models for profitable stock investments. Students will get hands-on experience in building models that best suit their investment horizons.","No","1.5","1.5","-","-","-"
"FIN","665","International 2:  Risk Management and Hedging","This course explores the concepts and tools in which traders and investors measure and manage the challenges of trading in the global markets, including market, counterparty credit and operational risks.  Students will experiment with methods to quantify and hedge portfolio risks including calculating Value-at-Risk, analyzing a portfolio¿s sensitivity to key risk factors, scenario analysis and historical stress testing.  Students will learn how CROs use credit risk metrics such as current and potential future exposure to limit exposure to trading counterparties, and how these risks can be mitigated by taking initial and variance margin as negotiated in credit support annex of the ISDA.","No","1.5","1.5","-","-","-"
"FIN","666","Corporate Finance and Investment Banking","This course is intended to give students an understanding of the corporate finance analytic work conducted by major investment banks and boutique advisory firms. Areas reviewed will include business forecasting techniques, valuation analysis, cost of capital estimation, financial ratio benchmarking, and debt capacity & credit analysis. At the conclusion of the course, students will have developed stronger corporate finance analytic skills, insight regarding the drivers of company value, and improved judgement on some of the special technical challenges that often confront bankers and financial advisors.","No","1.5","1.5","-","-","-"
"FIN","667","Mergers and Acquisitions","This course is intended to provide students with an overview of merger and acquisition (""M&A"") activity. We will review the broad set of considerations that are addressed in M&A transactions. Emphasis will be placed on the technical aspects of M&A (valuation and transaction analysis). We will also briefly address certain qualitative transaction issues. Both strategic M&A transactions and Leveraged Buyout Outs (LBOs) will be reviewed. At the conclusion of the course, students should have an improved understanding of the M&A process, terminology, and mechanics. Specifically, students should understand key M&A transaction issues relating to: transaction consideration, takeover premium, financing arrangements, and value creation.","No","1.5","1.5","-","-","-"
"FIN","668","Private Equity","This course is designed for MAF students to better understand (i) how the venture capital & private equity industries work, (ii) how to structure the acquisition of a business and (iii) how to leverage key value drivers in a business. There is an emphasis on the technical aspects of venture capital and private equity transactions. This course provides an actionable framework to acquire a business, including raising capital if you have little or none, identifying a business to buy, and structuring a transaction. Course elements includes case studies and guest lectures by industry professionals.","No","1.5","1.5","-","-","-"
"FIN","669","FinTech Innovation 1:  Traditional and Platform-based Businesses","This is an analytical course on financial technology (FinTech) for MAF students. The course exposes students to the methodologies, use cases, and hands-on experiences with FinTech in financial intermediation (e.g., banking, credit, payments). The topics include big data, machine learning, automation, digital payments, peer-to-peer (P2P) lending, and equity crowdfunding. In addition to learning about the foundations of these technologies, students will write scripts for collecting and processing big data, learn how to build classification trees, and use machine-learning techniques for predictive modeling of FinTech loan defaults. The course is delivered through interactive lecturettes, in-class activities, and group projects. The course is most relevant for consulting, investment banking, private equity, entrepreneurship, and corporate finance roles","No","1.5","1.5","-","-","-"
"FIN","670","FinTech Innovation 2:  Blockchains and Blockchain-based businesses","This is an analytical course on financial technology (FinTech) for MAF students. The course exposes students to the methodologies, use cases, and hands-on experiences with FinTech in financial intermediation (e.g., banking, credit, payments). The topics include private and public blockchains, cryptocurrencies, tokens, and ICOs. In addition to learning about the foundations of these technologies, students will learn the basics of blockchain coding and develop ICO valuation models. The course is delivered through interactive lecturettes, in-class activities, and group projects. The course is most relevant for consulting, investment banking, private equity, entrepreneurship, and corporate finance roles.","No","1.5","1.5","-","-","-"
"FIN","671","Practicum 1: Modern International Economics, Trade and Research","This course takes place in the Finance Lab, where students experience bridge finance practice and theory through a simulated rotation into the analyst program of a major bank.  The action-based workstream explores how our global financial system arises from the need to exchange assets and manage risks.  Students analyze real-world news and global events, including those affecting global supply chains, foreign exchange and interest rate markets, and monetary and trading policies, and report distilled findings based on fundamental economic principles. Deliverables include running weekly bank-style ¿market update calls¿, creating research reports and dashboards, and pitching ideas.","No","1.5","1.5","-","-","-"
"FIN","672","Practicum 2:  Exploring Markets, Ethics, Sales and Trading","This course utilizes the Finance Lab with an action-based workstream exploring the 24/7 pace of global trading products and how they work.  Levering current market conditions, students source and pitch trading ideas in accordance with best practices of ethics and values. Students will start to build an actively managed investment vehicle in compliance with current financial regulations.","No","1.5","1.5","-","-","-"
"FIN","673","Practicum 3:  Asset Management Team","In the Finance Lab, teams of students will work with professional coaches to research, develop and pitch an original investment strategy to institutional investors.  Drawing on insights from across other classes and using cutting-edge innovation and professional trading platforms, students define and present their proprietary investment strategy to a panel of institutional investors.  Students have the flexibility to specialise in strategies including ESG, emerging markets or digital currencies.","No","1.5","1.5","-","-","-"
"FIN","674","Practicum 4:  Global Leadership Team","This practicum course bridges theory and practice in the Finance Lab.  Under the mentorship of corporate coaches, student teams will work as analysts to combine capital with conscience and develop an investment opportunity that makes the world a better place.  Using the capital markets to address a pressing social, economic or environment issue (such as water, energy, food or education) students draw on their analytical skills, financial acumen and professional expertise. Teams may develop their ideas using a combination of investment styles and tools and will showcase their investment pitches to a panel of corporate leaders.","No","1.5","1.5","-","-","-"
"FIN","680","Frontiers & Illiquid Assets","This course is designed for MBAs and BBAs interested in investing in the emerging, illiquid segments of the alternative investment space. This course will cover illiquidity and modern portfolio theory, asset correlations, trends, and valuation techniques through the lens of four illiquid asset classes: cryptocurrency, reinsurance, ESG infrastructure, and art. Course elements include guest lectures by industry leaders and practical applications for investing in the next frontier of alternative assets. More information at www.emoryprof.com.","No","3","3","-","-","-"
"FIN","681","Venture Capital & Private Equity","This course explores venture capital and private equity utilizing case studies, problem sets and extensive class discussion to build the intuition needed to understand the industry. There is an emphasis on honing skills necessary to understanding the financial and economic tools used in leveraged buyouts and venture capital investing. The class addresses (1) industry structure, strategies and motivations, (2) types of private equity transactions and, (3) transaction structures. The course prepares students interested in a variety of finance careers. See www.emoryprof.com.","No","3","3","-","-","-"
"FIN","682","Real Estate Market Analysis","This course includes an introduction to the principles of real property analysis and use. Subjects include the nature of real estate and real property, principles of location theory, and an examination of the processes used to analyze the supply and demand for real estate.  General methodologies for market studies are developed and then applied to the residential, retail, and office sectors.  The course also explores demographic, technological, economic, and social trends that affect these real estate markets into the future.  Techniques of spatial analysis are introduced.","No","3","3","-","-","-"
"FIN","683","Applied Investment Management","This course uses academic studies, practitioner-oriented readings, articles from the popular press, and a term project to cover both conventional wisdom and state-of-the-art methods used in managing a stock portfolio. Enrolled students comprise the Goizueta Business School Student Investment Fund, LLC, responsible for managing a portfolio of real assets. The entire investment portfolio consists of student stock picks. As a term project, students develop and present to the class their own quantitative model. Course topics include active stock selection emphasizing quantitative selection methods, trading, databases, software, performance evaluation, risk management, brokerage accounts, and the money management industry.","No","3","3","-","-","-"
"FIN","684","Advanced Derivatives Assets","This course will build upon knowledge obtained in the course FIN 424/624. Using the fundamental pricing technique and the valuation models derived from this technique, various extensions and applications will be examined. These will primarily be equity-based, though some fixed-income products will be analyzed. The perspective of both the derivatives dealer and the end-user of derivative products will be taken, the latter including hedgers, speculators, and arbitrageurs. Securities from the exchange-traded and over-the-counter markets will be examined. The topics covered include financial engineering, structuring, and product design, numerical methods (e.g. Monte Carlo simulation) and the mathematics of derivatives pricing.","No","3","3","-","-","-"
"FIN","685","Entrepreneurial Private Equity","This course is designed for students interested in better understanding (i) how the private equity industry works, (ii) how to structure the acquisition of a business and (iii) how to make money by leveraging key value drivers in a business. Unlike traditional courses, this course takes a unique approach by bringing in leading experts and practitioners to provide industry perspectives for almost every class. More information at www.emoryprof.com.","No","3","3","-","-","-"
"FIN","686","Real Estate Equity Investment","This course presents information on investment in and valuation of income-producing real estate, both in public company and direct property formats.  It examines the relationship of project and entity valuation to various financial and performance metrics, sources and uses of capital, and management decisions.  Direct investment concepts covered include cash flow analysis, net present value, internal rate of return and yield capitalization in addition to public market measures such as Funds From Operations and financial reporting via SEC filings.","No","3","3","-","-","-"
"FIN","688","Real Estate Development","This course will present a comprehensive look at the real estate development & investment process. The curriculum will discuss the broad concepts and techniques employed in a successful real estate investment, both new development and through acquisitions. The class will tackle specific components of a real estate asset and the individuals involved in the successful execution of a project.","No","3","3","-","-","-"
"FIN","689","Advanced Real Estate Finance","This course provides for advanced application of theory and techniques for analysis of the equity position in real estate ownership utilizing readings and cases.  It considers the impact of leverage, creative financing, and federal tax policies and concentrates on the evaluation of the basic productivity of real estate assets based on net cash flows. Particular attention is paid to the operation of the capital markets and portfolio theory.","No","3","3","-","-","-"
"FIN","692","Alternative Investments","This course is designed for executive MBAs interested in (i) starting their own business, buying an existing business and optimizing their investment portfolios (including investing in venture capital, private equity & real estate). This course provides an actionable framework to improve your investment acumen and become a business owner, including raising capital if you have little or none, identifying a business to buy, and structuring a transaction. Course elements include guest lectures by industry professionals and introductions to access capital. More information at www.emoryprof.com.","No","3","3","-","-","-"
"FIN","695","Distressed Investing","The course surveys distressed investing with a focus on real estate. The first module covers the institutional structure of the distressed market and valuation techniques. The second module features a broad overview of distressed investing strategies across the capital structure and market segments. The third module provides an in-depth analysis of distressed investing techniques. The primary audience for this course is finance majors interested in careers in real estate finance or in private equity and hedge funds. The secondary audience is students planning careers that have significant interaction with real estate finance and/or private equity and hedge fund industries. More information at www.emoryprof.com.","No","3","3","-","-","-"
"GBUS","688","Real Estate Development","-","No","3","3","-","-","-"
"GBUS","689","Advanced Real Estate Finance","-","No","3","3","-","-","-"
"ISOM","351","Process & Systems Management","This course provides a comprehensive introduction to analyzing, running and improving business operations regardless of industry. The concepts taught in this course apply broadly to management activities in areas from medicine to entertainment, and are specifically suited to assisting in the daily operations of the wide variety of other professional services that dominate the economy (e.g. financial management, law, marketing, consulting, etc.).","No","3","3","-","-","-"
"ISOM","352","Applied Data Analytics with Coding","To solve business problems in various domains including marketing, finance, healthcare and sports, students will develop expertise in coding with Python and build data management skills using SQL. This course will equip students with applied data analysis and practical programming skills that are essential for a career in any data intensive organization, including data ingestion, processing, analysis, and presentation using tools that are in high demand in the industry (e.g., SQL, coding with Python, spreadsheets). No prior programming or analytics experience is required.","No","3","3","-","-","-"
"ISOM","353","Supply Chain Management","This course will introduce students to the state-of-the-art in supply chain management. We will explore the current trends in supply networks, the link between supply chain and firm's strategy, and the issues of incentives, information sharing, trust, coordination, risk, resiliency, and logistical efficiency. Students with an interest in consulting, operations management, or business analytics are the primary target for this course. Students interested in private equity, investments, and marketing will find the course useful as those functions are often linked to supply chains (they are called value chains for a reason!)","No","3","3","-","-","-"
"ISOM","354","Agent Based Systems","Agent-based Systems (ABS) are valuable tools for business, public health, health care, economics, policy analysis, and many other disciplines. ABS fill a niche that other approaches cannot fill; therefore, they often complement other approaches. ABS are used for modeling types of markets, pandemics, supply chains, strategies and other collective dynamic phenomena. ABS are also implemented as distributed AI systems to interact (e.g., in a building or a plane) or for autonomous or collaborative devices like cars or drones. This is a programming course that has no programming prerequisites. In this course, you will learn the fundamentals of computational modeling, running ABS experiments, basic data analytics, and visualization.","No","3","3","-","-","-"
"ISOM","355","Appcology: New Commerce Infrastructure","This course will explore issues associated with the emerging forms of applications and services changing software ecosystems and commerce interactions.  We will involve both design and development of real apps, gizmos, and widgets.  This course will enable students to learn the design, development and distribution of the small and the many, and leave with a portfolio, not just a certificate. ","No","3","3","-","-","-"
"ISOM","356","Think.Code.Make","Introduces the fundamentals of coding, programming and systems design thinking. Steve Jobs said ""Everyone should learn how to code, because it teaches you how to think."" The course is designed for folks with low-to-no coding background and exposes one to the tools that support other decision making activities. We develop basic skills in Python (data manipulation, string handling, etc) and in web development - HTML/CSS/js (web design) and some will be involved in Java language. In addition, concepts and languages in 3D Printing, augmented reality and game design are explored. Many small projects and a few summary projects are used to demonstrate acquired skills.","No","3","3","-","-","-"
"ISOM","358","Advanced Decision Analytics","How do rideshare platforms set prices?How does Amazon decide on the placement of goods within its warehouses that is the size of the Amazon?This course provides a hands-on introduction to the analytics used to guide business decisions in today's data-driven economy.Leveraging the powerful decision-analytic tools in Excel, students will learn how to transform quantitative decision-making at their organizations.Notable examples of how course alums applied these tools at their jobs will be showcased.","No","3","3","-","-","-"
"ISOM","359","Privacy in a Digital Age","This course will examine the ways in which information technologies drive and facilitate organizational innovation. Through a variety of readings as well as written and live business case studies, students will develop a framework for thinking about the range of technologies that may be brought to bear on business innovations. In addition, we will explore how these technological tools actually create new business models for the production and consumption of goods and services. The course will revolve around a project that will use the educational environment as a lab for designing technologically driven innovation.","No","3","3","-","-","-"
"ISOM","400","Study Abroad ISOM Elective (General Elective)","-","No","1","16","-","-","-"
"ISOM","401","Study Abroad ISOM Elective (Global Elective)","-","No","1","16","-","-","-"
"ISOM","409","Study Abroad ISOM Elective (Related Elective)","-","No","1","16","-","-","-"
"ISOM","450","Foundations of Digital Enterp.","Our personal interactions, our interactions with businesses and government, and interactions between businesses are increasingly occurring in digital environments. Understanding the foundations of these digital environments will be critical to your role as a leader in the next decade, as advances in technology continue to lead to new ways of working, new ways of interacting, and new ways of making money. This course lies at the intersection of business, economics, and digital technology. You will emerge from the course with an appreciation of how the technology powering digital enterprises and markets is creating new business opportunities as well as shaping the way we live and work.","No","3","3","-","-","-"
"ISOM","451","Making Effective Decisions","In this course we will examine the bounds of rationality and how decisions (and problems) are made under the influence of those bounds. Our journey will takes us from the influence of groups and social media, to the psychology and neuroscience underlying deception, economic choice, risk, emotional influences, and social and ethical decisions. The goal of this course is to examine both how you currently make your decisions and how a variety of methods will allow you to significantly improve your decision making and problem solving skills.","No","3","3","-","-","-"
"ISOM","452","Healthcare Operations & Technology Management","In the US, the health care sector accounts for 17.3% of the gross domestic product. Already the largest sector of the economy, health care continues to experience significant growth. Health care organizations face numerous challenges, including rising costs, increasing complexity and quality issues, all while confronting an increase in demand for limited resources. Given the unprecedented pressure to improve efficiency and quality, there is thus a tremendous opportunity for healthcare organizations around the world, large and small, to better manage their operations.","No","3","3","-","-","-"
"ISOM","453","Operations Strategy","The course reviews how to configure an appropriate and effective operating system: one that aligns with, supports, and delivers the chosen value proposition. We also examine the complexities associated with global operating systems, including the hidden costs of outsourcing and offshoring. An important goal of this course is to frame key strategic operations issues and to provide tools to resolve them.","No","3","3","-","-","-"
"ISOM","454","Data Science for Business","This course provides a comprehensive introduction to the methodology and practice of modern data science and AI, equipping students with the conceptual understanding and coding skills needed to leverage data and AI as strategic assets in business decision-making.
The course covers both foundational and contemporary approaches, including regression, classification, nonlinearity, and regularization, as well as emerging AI techniques such as text analysis, and generative AI. Emphasis is placed on understanding when and how to apply these tools, their limitations, and their implications for real-world business contexts.
Through hands-on coding and applied projects, students will learn to build, evaluate, and deploy data-driven and AI-powered solutions to complex business problems. By the end of the course, students will be well-prepared to critically assess and effectively use AI and machine learning to drive informed decisions and sustainable competitive advantage.","No","3","3","-","-","-"
"ISOM","455","Superforecasting Tools for Building Predictive Systems","Hands-on, gentle introduction to the tools that data scientists use to forecast the future. Emphasis is on applying these tools to build predictive systems for examples ranging from sales forecasting to algorithmic trading to preventing employee churn. Through this course, students gain experience with R, an in-demand software platform. Prior coding exposure is not necessary.
Methods surveyed: Linear regression re-examined from the angle of predictive analytics; AI/ML techniques for prediction & classification; time series methods; time-to-event prediction tools developed by GBS faculty.","No","3","3","-","-","-"
"ISOM","456","Intro. to Business Data Analytics","Virtually every aspect of business is instrumented for data collection and data is increasingly analyzed systematically to improve business decision-making and offer competitive advantage. In this class, we will study the fundamental principles and techniques of business analytics to extract useful information and knowledge from data. We will improve your ability to approach problems 'data-analytically', we will examine real-world examples that place business analytics in context, and we will apply business analytics techniques while working hands-on with related software.","No","3","3","-","-","-"
"ISOM","459","Process Analysis & Six Sigma","This course reviews process analysis in detail. Process analysis is a key component of Six Sigma programs. Six Sigma is an approach for performance improvement that was made famous by GE and is currently being implemented by thousands of companies. The analytical skills you learn in this course are important to many employers and can be foundational for a career in operational performance improvement.","No","3","3","-","-","-"
"ISOM","475","Data Visualization","Data Visualization will introduce students to the techniques and tools used to create effective visualizations that clearly and efficiently communicate relationships within data. The field of data visualization combines the art of graphic design with the science of data analytics. Students will learn how to perform exploratory analysis through visualization, how to create professional looking visualizations for use in business reports and presentations, and how to design interactive visualizations and dashboards. The course  will cover the common quantitative messages users attempt to understand or communicate from a set of data and the associated visualizations used to help communicate each message. These include time series, rankings, proportions,deviations, frequencies and distributions, correlations, categorical comparisons, and geo-spatial plots. Students will analyze real data sets and utilize Tableau and other tools to design and prototype their visualizations.","No","3","3","-","-","-"
"ISOM","497","Directed Study","A Directed Study (DS) is conducted with permission and semi-autonomously, under the supervision of a Goizueta faculty member. The content should represent a line of intellectual inquiry that is aligned with, but falls outside, what is available in the context of the School's elective offerings. It replaces an academic course and may carry variable academic hours. The DS project should contain significant & commensurate content that carries the rigor, time commitment & standards of an elective in the area of study.","No","1","16","-","-","-"
"ISOM","499R","Special Topics","-","No","3","3","-","-","-"
"ISOM","503","Operations Impr/Healthcare Org","In the US, the health care sector accounts for 17.3% of the gross domestic product. Already the largest sector of the economy, health care continues to experience significant growth. Health care organizations face numerous challenges, including rising costs, increasing complexity and quality issues, all while confronting an increase in demand for limited resources. Given the unprecedented pressure to improve efficiency and quality, there is thus a tremendous opportunity for healthcare organizations around the world, large and small, to better manage their operations.","No","1.5","1.5","-","-","-"
"ISOM","534","Agent Based Systems","Agent-based Systems (ABS) are valuable tools for business, public health, health care, economics, policy analysis, and many other disciplines. ABS fill a niche that other approaches cannot fill; therefore, they often complement other approaches. ABS are used for modeling types of markets, pandemics, supply chains, strategies and other collective dynamic phenomena. ABS are also implemented as distributed AI systems to interact (e.g., in a building or a plane) or for autonomous or collaborative devices like cars or drones. This is a programming course that has no programming prerequisites. In this course, you will learn the fundamentals of computational modeling, running ABS experiments, basic data analytics, and visualization. Note: The graduate-level version of this course (ISOM 534) includes an additional learning objective and project requirement beyond what is expected in the undergraduate course.","No","3","3","-","-","-"
"ISOM","550","Data & Decision Analytics","Evolution of Information Technology has dramatically increased the availability and importance of data and statistical analysis in business decision making. This course centers on understanding the decision process and the role that statistical tools play. The emphasis is on structuring the decision processes and statistical tools, methods, analysis, and models that will serve the MBA curriculum and beyond.","No","3","3","-","-","-"
"ISOM","550M","Digital First: Commerce & Society in the 21st Century","This course focuses on how technologies are changing the future of business and society. It will explore current and emerging technologies within and across domains and conceptions of a mobile life. Specific topics will include Artificial Intelligence, Internet of Things, Virtual Worlds and Metaverse, Web3, Privacy, and the changing art of the possible.
 It is ever more likely that an individual¿s first encounter with a commercial, governmental or social service begins with the interface to a digital environment. How will that Digital First entry into commercial and social engagement evolve?
You are not expected to be a technology professional, but the course offers insight and experience of the challenges and complexity of the evolving reality of commerce and society in the digital age.","No","1.5","1.5","-","-","-"
"ISOM","550Y","Data & Decision Analytics","Evolution of Information Technology has dramatically increased the availability and importance of data and statistical analysis in business decision making. This course centers on understanding the decision process and the role that statistical tools play. The emphasis is on structuring the decision processes and statistical tools, methods, analysis, and models that will serve the MBA curriculum and beyond.","No","2","2","-","-","-"
"ISOM","551A","Processes and Systems Management","This course looks at how processes and systems, the so-called operating core of the organization, impacts the ability of a firm to execute its strategy. The challenges confronting firms competing in today's dynamic environment demand a multi-disciplinary focus. As we prepare students who seek to understand and face these challenges, this course covers the multiple activities comprising a firm's operating core and its supply chain. The operating core of a firm is an integrated system that combines activities related to design and engineering, production, quality management, networks of material and information flows, and the development, distribution and delivery of goods and services to customers.","No","1.5","1.5","-","-","-"
"ISOM","551M","Process and Systems Management","This class will examine a central question that will be useful to understand as you embark on, and progress through, your careers: why do organizations struggle to effectively execute their strategy? At its core, the course examines two key issues:
1. How to align and optimize the operating model to deliver value,
 2. How to align and optimize the organization, including leadership and decision- making, to deliver value.
The class will explore various types of business models and how to use a business model canvas to identify key actives, partnerships, and constituent interactions that align a company to deliver value.  We will cover forecasting techniques and how to use them to most effectively and efficiently allocate resources. We will learn how to engage in operational decision making through linear optimization and process analysis. The course material will be particularly relevant in framing the complex issues you will encounter in the MiM immersion project.","No","1.5","1.5","-","-","-"
"ISOM","551Y","Process & Systems Management","The challenges confronting firms competing in today's dynamic environment demand a multi-disciplinary focus. As we prepare students who seek to understand and face these challenges, this course covers the multiple activities comprising a firm's operating core and its supply chain. The operating core of a firm is an integrated system that combines activities related to design and engineering, production, quality management, networks of material and information flows, and the development, distribution and delivery of goods and services to customers.","No","1","1","-","-","-"
"ISOM","552","Technology & Adaptive Systems","Technologies change the art of the possible in commerce and society.  Emerging technologies change the nature of the enterprise, inter-organizational relations and market practice.  Effective strategic leverage, shaping capabilities and solutions, accelerate adaptation and evolution as firms and markets transform in the 21st century.","No","3","3","-","-","-"
"ISOM","553","Supply Chain Management","In some industries, supplying goods to customers is primarily controlled within an organization, and a classic example of this structure was the Ford plant at Highland Park. Today advances in communication and transportation have led to complex supply chains that span organizations and continents. This course will combine cases and readings to allow students to understand the operations and economics of supply chains, and how companies use supply chain management in creating a competitive advantage. This will require the development of some analytic tools for determining operating policies that effectively manage the numerous trade-offs in supply chains. We will also be careful, though, to put these decisions in the context of the overall strategy of the firm. Supply chains are a natural place to examine global operations, where links of the supply chain are located around the world in an attempt to successfully compete. Students with an interest in careers in consulting or in  operations functions are the primary target for this course. But supply chain organizations are often closely tied to marketing functions, and supply chains have on the financial structure of the firm.","No","3","3","-","-","-"
"ISOM","554","Data Science for Business","This a comprehensive course that introduces the methodology and practice of machine learning and is designed to equip students with the knowledge and practical coding skills to leverage data as a strategic asset and make informed business decisions. The class covers both classical and modern data science ideas and methods such as regression, nonlinearity, classification, regularization, text analysis, and emphasizes implementing these methods in real business problems through coding. Having completed this course, the students will be well-prepared to harness the power of data science to solve complex business problems and make data-driven decisions that can lead to competitive advantages.","No","3","3","-","-","-"
"ISOM","555","Appcology: New Commerce Infrastructure","This course will explore issues associated with the emerging forms of applications and services changing software ecosystems and commerce interactions.  We will involve both design and development of real apps, gizmos, and widgets.  This course will enable students to learn the design, development and distribution of the small and the many, and leave with a portfolio, not just a certificate. ","No","3","3","-","-","-"
"ISOM","556","Economics of Digital Platforms","This course introduces students to the economics of online markets in general and digital products in particular.  Topics covered include network economics, pricing strategies, segmentation and versioning for digital products, impact of bundling services. Students are introduced to both analytical models as well as empirical analysis using real world data from the entertainment industry. The course will include advanced topics include concepts of standards competition, lock-in strategies, etc.  We will take a practice oriented approach where theory and case studies will be combined with a number of industry speakers.","No","3","3","-","-","-"
"ISOM","557","Management Science in Spreadsheets","This course covers traditional management science techniques such as linear programming, integer programming, and simulation. The emphasis of the course is on practical problem solving. All work is performed in Excel. However, little knowledge of Excel is necessary to begin the class. The particular problems of the course are slanted to attract those interested in finance and operations, but also include some marketing and HR problems. Finance oriented topics include asset allocation, arbitrage, short term cash flow planning, and balance sheet management, among others. Operations oriented topics include production planning, facility location, labor scheduling, blending, and others. The class is ""hands on."" It will be necessary to have a computer with you in class.","No","3","3","-","-","-"
"ISOM","559","Privacy in a Digital Age","This course will examine the ways in which information technologies drive and facilitate organizational innovation. Through a variety of readings as well as written and live business case studies, students will develop a framework for thinking about the range of technologies that may be brought to bear on business innovations. In addition, we will explore how these technological tools actually create new business models for the production and consumption of goods and services. The course will revolve around a project that will use the educational environment as a lab for designing technologically driven innovation.","No","3","3","-","-","-"
"ISOM","572","Impact: Operations","The Operations section of the IMPACT360 curriculum focuses on projects that implement the firm's strategy and serves its customers in the most effective way. General topics for these projects include process design, supply chain management and quality management. Projects typically include data analysis of current operations and the construction of models to support decision making for revised operations proposed by the project team.","No","3","3","-","-","-"
"ISOM","575","Data Visualization","Data Visualization will introduce students to the techniques and tools used to create effective visualizations that clearly and efficiently communicate relationships within data. Students will learn how to perform exploratory analysis through visualization, how to create professional looking visualizations for use in business reports and presentations, and how to design interactive visualizations and dashboards. Students will primarily utilize Tableau, but will be exposed other tools including Power BI and R. No prior coding experience is necessary.","No","3","3","-","-","-"
"ISOM","599R","Special Topics","-","No","1","12","-","-","-"
"ISOM","640","Coding for Financial Insights","This course introduces coding for financial analysis using Python. Python is the most popular programming language (globally) due to its simplicity, versatility, and community support and is widely used in computational finance. This course will give students, with little or no prior programming experience, working knowledge of programming in Python and in using the Python data analysis package Pandas to compute analytical solutions for financial insights. The course will also address using Python to obtain data both from databases and the web more generally. The goal is not only to learn about programming, but also to enhance students¿ analytical thinking and ability to frame and solve problems. To complement and apply the learning we will use business examples drawn from applications in finance.","No","1.5","1.5","-","-","-"
"ISOM","641","Data Visualization for Finance","In Financial Analysis and Visualization we explore the techniques and tools used to create effective visualizations that clearly and efficiently communicate relationships within financial data. The field of data visualization combines the art of graphic design with the science of data analytics. Students perform exploratory analysis through visualization, create professional and engaging visualizations for use in financial decision processes, and design interactive visualizations and dashboards. The course considers the common quantitative messages users attempt to understand or communicate from a set of data and the associated visualizations used to help communicate each message. These include time series, rankings, proportions, deviations, frequencies and distributions, correlations, categorical comparisons, and geospatial plots. Students analyze real data sets and utilize R, Power BI, and other tools to design and prototype their visualizations. ","No","1.5","1.5","-","-","-"
"ISOM","650","Decision Modeling","Advanced topics and tools for analysis of decision problems, focusing on modeling the real-world complications.  We address the issues of: too many alternatives (leading us to resource pricing, linear programming using optimization techniques);  aversion to risk (utility); multiple, conflicting objectives (multi-attribute decision making and value-focused thinking); and too many, complex outcomes (Monte Carlo simulation). The primary course objective is to improve managerial effectiveness through clearer thinking about complex decision issues, and through the application of powerful analytical tools to a wide variety of common management problems.","No","3","3","-","-","-"
"ISOM","653","Operations Strategy","The course reviews how to configure an appropriate and effective operating system: one that aligns with, supports, and delivers the chosen value proposition. We also examine the complexities associated with global operating systems, including the hidden costs of outsourcing and offshoring. An important goal of this course is to frame key strategic operations issues and to provide tools to resolve them.","No","3","3","-","-","-"
"ISOM","655","Superforecasting Tools for Building Predictive Systems","Hands-on, gentle introduction to the tools that data scientists use to forecast the future. Emphasis is on applying these tools to build predictive systems for examples ranging from sales forecasting to algorithmic trading to preventing employee churn. Through this course, students gain experience with R, an in-demand software platform. Prior coding exposure is not necessary.
Methods surveyed: Linear regression re-examined from the angle of predictive analytics; AI/ML techniques for prediction & classification; time series methods; time-to-event prediction tools developed by GBS faculty.","No","3","3","-","-","-"
"ISOM","656","Introduction to Business Data Analytics","Virtually every aspect of business is instrumented for data collection and data is increasingly analyzed systematically to improve business decision-making and offer competitive advantage. In this class, we will study the fundamental principles and techniques of business analytics to extract useful information and knowledge from data. We will improve your ability to approach problems 'data-analytically', we will examine real-world examples that place business analytics in context, and we will apply business analytics techniques while working hands-on with related software.","No","3","3","-","-","-"
"ISOM","659","Process Analysis & Six Sigma","This course reviews process analysis in detail. Process analysis is a key component of Six Sigma programs. Six Sigma is an approach for performance improvement that was made famous by GE and is currently being implemented by thousands of companies. The analytical skills you learn in this course are important to many employers and can be foundational for a career in operational performance improvement.","No","3","3","-","-","-"
"ISOM","660","Math Bootcamps","This course is a refresher of critical math skills you will use regularly in your MSBA Classes. Topics covered include: Calculus Review, Basic Probability, Random Variables and Probability Distributions, Sampling and Sampling Distributions, Bayesian Approach, Matrices, and Logarithms. Bootcamp does not teach these subjects but rather refreshes the student's prior knowledge of the aforementioned topics.","No","0","0","-","-","-"
"ISOM","661","Technology Bootcamp","This course refreshes the students' knowledge of programming for data manipulation and analysis.  built upon a prior knowledge of programming, the course will conduct exercises in R, Python, SQL and other languages.  students will also be using a variety of unix tools, file-transfer methods, etc. Course may also employ cloud-based services such as AWS and/or Azure. ","No","0","0","-","-","-"
"ISOM","662","Business Bootcamp","This course introduces students to economics of business and provides an overview of a variety of business functions including marketing, strategy, operations, finance, etc.  The course familiarizes students with commonly used frameworks in business. ","No","0","0","-","-","-"
"ISOM","663A","Problem Solving Bootcamp","This course runs throughout the length of the program. Students are provided the basis to abstract a business problem into a data-based problem and provided a methodology commonly adopted by consulting firms.  The course then combines the consulting method with the CRISP-DM framework commonly used in data science projects.  This course provides the foundation for managing projects in the capstone course. ","No","0","0","-","-","-"
"ISOM","663B","Problem Solving Bootcamp","This course runs throughout the length of the program. Students are provided the basis to abstract a business problem into a data-based problem and provided a methodology commonly adopted by consulting firms.  The course then combines the consulting method with the CRISP-DM framework commonly used in data science projects.  This course provides the foundation for managing projects in the capstone course. ","No","0","0","-","-","-"
"ISOM","663C","Problem Solving Bootcamp","This course runs throughout the length of the program. Students are provided the basis to abstract a business problem into a data-based problem and provided a methodology commonly adopted by consulting firms.  The course then combines the consulting method with the CRISP-DM framework commonly used in data science projects.  This course provides the foundation for managing projects in the capstone course. ","No","0","0","-","-","-"
"ISOM","670","Business Statistics","This course is a refresher and a new look at how statistical methods begin the process of understanding and describing data.   We will use r/rstudio to review basic data exploration and statistical methods.  The course will be very hands on and practical, working with real world data.   We will cover topics from simple descriptive statistics like (mean/variance) up though hypothesis testing and modeling.   The tools and techniques in the class will be fundamental to all following classes. ","No","3","3","-","-","-"
"ISOM","671","Managing Big Data","Data management is the foundation of data-driven enterprises and a cornerstone for business analytics. Through this course, students will gain competence in practical database, data warehousing, and data management skills with emphasis on query, data modeling, ETL, and data management and they will also become familiar with major elements of the big data ecosystem. ","No","3","3","-","-","-"
"ISOM","672","Introduction to Business Analytics","We will study the fundamental principles and techniques of data mining in order to extract useful information and knowledge from data. We will improve our ability to approach problems ""data-analytically"", examine real-world examples that place data mining in context, and apply data-mining techniques while working hands-on with data mining projects. The course will provide an understanding of the general framework for building and evaluating predictive models, both for classification and numeric prediction data mining tasks. The course will cover supervised predictive modeling techniques, as well as unsupervised predictive modeling techniques. ","No","3","3","-","-","-"
"ISOM","674","AI & Machine Learning","This course will introduce the basic concepts of machine learning. Both supervised and unsupervised learning will be covered, although most of the course will be focused on supervised learning. Supervised learning will be examined for both classification and prediction problems. The basic ideas of neural networks will be presented. Machine learning from data streams (online learning) using stochastic gradient descent will also be covered. ","No","3","3","-","-","-"
"ISOM","675","Data Visualization","Data Visualization will introduce students to the techniques and tools used to create effective visualizations that clearly and efficiently communicate relationships within data. The field of data visualization combines the art of graphic design with the science of data analytics. Students will learn how to perform exploratory analysis through visualization, how to create professional looking visualizations for use in business reports and presentations, and how to design interactive visualizations and dashboards that include time series, rankings, proportions, deviations, frequencies and distributions, correlations, categorical comparisons, and geospatial plots. Students will analyze real data sets and utilize R, Python, Tableau, and other tools to design and prototype their visualizations. 
This course is for MSBA students only.","No","3","3","-","-","-"
"ISOM","676","Machine Learning & AI at Scale","This course delves into a number of selected current and emerging data analytics areas that are becoming increasingly important for modern organizations. Such areas include advanced elements of the predictive modeling process, ensemble methods, cost-aware data analytics, mining text and data, recommender systems, and other advanced topics. ","No","3","3","-","-","-"
"ISOM","677","Prescriptive Analytics","Optimization and simulation are powerful techniques used, in general, to allow managers to make better decisions and, specifically, in data analytics.  This course will introduce students to these techniques, in particular linear, integer and non-linear programming and monte carlo and discrete event simulation, and discuss their application to problems in business and data analytics.  Models will be built using spreadsheets, an algebraic modelling system and specialized simulation software but focus will be on practical applications of the models and their use in solving real problems rather than on their mathematical properties. ","No","3","3","-","-","-"
"ISOM","678","Deep Learning and Reinforcement Learning","This course is designed to familiar MSBA students with tools in deep learning and reinforcement learning to solve data-driven business problems. Throughout the course, students will have hands-on experience with practical assignments, projects, and real-world case studies. This course introduces key ideas and techniques from deep learning and reinforcement learning, with an emphasize on the understanding and implementations of these techniques in real business problems. In particular, the course will cover the basics of deep learning architectures, their design choices and how they are trained using gradient methods. It covers recurrent and convolutional neural nets which achieve state of the art in challenging prediction tasks in computer vision and text applications. It also discusses finite Markov decision processes and on-policy and off-policy data methods in reinforcement learning. Programming is central to the course and is based on R and/or Python.","No","3","3","-","-","-"
"ISOM","679","Supply Chain Analytics","The course introduces modern data-driven supply chain management techniques. Specific focus will be on supply chain efficiency and resiliency. The topics include supply chain tailoring, robust supply network design, data-driven sales and operations planning and inventory management, deep tier supply network visibility and risk identification, and supply chain coordination. We will use operations research, simulation, graph theoretic, and machine learning methods relevant to supply chain management.","No","3","3","-","-","-"
"ISOM","689","Analytics Practicum","The MSBA Capstone course leverages skills and techniques learned throughout the course of the program and applies them to a real world business situation.  Projects will be sourced from one of the MSBA partner firms and will include a business question of interest along with access to data required to define and address the problem.  Students will formally define the problem, clean the data, aggregate with other data sources, and use appropriate analytical techniques to address the question.  Project outcomes are also likely to include dashboards developed with visual analytics tools and will conclude with a formal presentation to the partner firm. ","No","3","3","-","-","-"
"MKT","340","Marketing Management","This is the introductory marketing course designed to familiarize students with the practice of marketing in a modern business environment. It takes as its starting point students' every-day observations of marketing activity (e.g., advertisements and retailing) and explains the network of activities and concepts that guide these programs. Students will acquire an understanding of the marketing process.","No","3","3","-","-","-"
"MKT","341","Seminar on Global Marketing","This is an advanced-level seminar on contemporary marketing issues with significant global content. This course provides in-depth learning of new marketing paradigms and practices, especially the impact of global competition and the growth of emerging markets. The course is less historic and more futuristic in its orientation.","No","3","3","-","-","-"
"MKT","342","Marketing Analytics","This course will help you make better business decisions by giving you the tools to analyze marketplace data and to understand how data analysis tools can be used to guide and inform corporate direction. While the course provides insight into how to actually conduct research, its focus is on providing the needed background for future managers who will be the ultimate users of the data, and who will determine the scope and direction of research conducted.","No","3","3","-","-","-"
"MKT","343","Digital & Social Media Strategy","The goal of the course is to familiarize students with the digital media landscape as it relates to marketing strategy. As digital marketing tactics become more common among organizations, digital strategy will become integrated into the broader marketing strategy.","No","3","3","-","-","-"
"MKT","345","Advanced Marketing Strategy","This course provides an overview of the key concepts and tools needed to develop and implement effective marketing strategies. Topics covered include market research, segmentation, targeting, positioning, and the development of a comprehensive marketing plan. These topics will be covered in relation to the lifecycle of a business, with learnings applied to the strategic needs of new businesses, established business, and businesses facing competitive stresses. Students will have the opportunity to apply their knowledge through a case study analysis and a group project, where they will develop and present a marketing plan for a real-world product or service. By the end of the course, students will have a thorough understanding of the strategic aspects of marketing and be able to develop and implement effective marketing strategies.","No","3","3","-","-","-"
"MKT","346","Consumer Behavior","Marketing begins and ends with the customer, from determining customers' needs and wants to providing customer satisfaction and maintaining customer relationships. This course examines the basic concepts and principles in consumer psychology with the goal of understanding how these ideas can be used in marketing decision making.","No","3","3","-","-","-"
"MKT","347","Product and Brand Management","Virtually every business is organized around its products and services. This course exposes students to the contemporary challenges faced by a broad variety of firms in developing and launching new products, creating and maintaining brand equity, and managing their product lines. The course is relevant to students whose interests are in general management and consulting as well as those who expect to work directly in brand or product management.","No","3","3","-","-","-"
"MKT","348","Sales and Sales Management","This course focuses on business-to-business sales organizations, the essential elements that influence their effectiveness, and the latest changes impacting sales management practice. The course offers greater emphasis on management effectiveness than personal selling, though it does include a brief survey of various sales methodologies. Also considered is the emerging role of sales operations, a portfolio of productivity initiatives many firms now use to support sales force effectiveness.","No","3","3","-","-","-"
"MKT","349","Entertainment & Media Fieldwork","This course will provide students with the opportunity to address real world business challenges faced by entertainment and media organizations through primary research activities. Students will leave this class with: The skills necessary to execute four primary research methods; Real world practical experience solving business challenges faced by entertainment and media organizations; Exposure to the various issues faced by entertainment and media organizations; An opportunity to develop a business and research plan for a new entertainment or media organization or initiative.","No","3","3","-","-","-"
"MKT","399R","Special Topics in Marketing","-","No","3","3","-","-","-"
"MKT","400","Study Abroad MKT Elective (General Elective)","-","No","1","16","-","-","-"
"MKT","401","Study Abroad MKT Elective (Global Elective)","-","No","1","16","-","-","-"
"MKT","409","Study Abroad MKT Elective (Related Elective)","-","No","1","16","-","-","-"
"MKT","441","Ideation","Creative ideation fuels, supports, and underlies the ability to innovate. In this course students learn the tools and methods as well as the self-reflection necessary to become a thinker in the idea-rich 21st century. Students discover how great ideas create and re-invent corporations and provide the stimulus to move them forward. Students acquire the capacity to derive the master idea behind a business' potential for greatness and learn how to apply a thinking process to approaching and analyzing business situations. In so doing, students identify and hone their creative skills and be able to use them more effectively in their professional as well as their personal lives.","No","3","3","-","-","-"
"MKT","442","Marketing and Consulting Practicum","This applied experiential course, grounded in evidence-based logic, enables you to develop a strategic marketing plan for a real client. Your learning is built upon the knowledge you've gained from courses as well as upon consulting principles, market research and analysis that will lead to actionable recommendations for your client. The goals of this course are to help you learn how to use the consulting process to define your client's challenge, to develop a research plan based on your hypotheses, and to conduct research that supports your recommendations.","No","3","3","-","-","-"
"MKT","443","Monetization & Pricing Strategy","Pricing is a critical business activity and one that is often viewed as a significant challenge. In this course we will take a hands on approach to developing pricing tactics and strategies. Using data whenever possible we will explore techniques for setting prices in a variety of contexts.","No","3","3","-","-","-"
"MKT","446","Advertising & Marketing Communications","This course provides students with an understanding of the role of Integrated Marketing Communications in the overall marketing program and its contribution to several aspects of marketing including segmentation, targeting and positioning, product and brand strategy. In doing so, this course examines strategic resource development and allocation decisions across the various marketing communications elements impacting the overall marketing budget.
Format: Lectures and discussion, case analyses, specialized assignments, guest speakers, agency tour.","No","3","3","-","-","-"
"MKT","447","Sports Marketing","This course introduces students to important topics in sports marketing, particularly ""marketing assets"" such as brand equity, customer equity, and inventory equity. This course focuses on the business side of sports","No","3","3","-","-","-"
"MKT","452","Content Marketing","We live in a noisy world - the average person encounters 6,000-10,000 ads in a single day, and our attention spans have perfected the art of tuning out. Becoming a compelling storyteller is your best chance to break through. Content Marketing will take you through the process of both creating and distribution content. For distribution content, we examine digital ecosystems - the why and how. For creating content, we leverage the science of sticky ideas, storytelling through screenplays and put principle into practice through a viral social media experiment.","No","3","3","-","-","-"
"MKT","462","Customer Lifetime Valuation","Using real-world applications from various industries, the goal of the course is to familiarize students with tools and methods used for measuring and managing the value of current and future customers effectively. The tools we introduce are commonly employed by managers to assess marketing decisions, such as a new customer acquisition campaign. These tools are also used by executives and investors to assess the health of customer-based businesses.","No","3","3","-","-","-"
"MKT","497","Directed Study","A Directed Study (DS) is conducted with permission and semi-autonomously, under the supervision of a Goizueta faculty member. The content should represent a line of intellectual inquiry that is aligned with, but falls outside, what is available in the context of the School's elective offerings. It replaces an academic course and may carry variable academic hours. The DS project should contain significant & commensurate content that carries the rigor, time commitment & standards of an elective in the area of study.","No","1","16","-","-","-"
"MKT","499R","Special Topics","-","No","3","3","-","-","-"
"MKT","540","Marketing Management","The class introduces participants to concepts and principles of marketing management. The major role of marketing in a company (or public agency) is determining, creating, communicating and delivering a value proposition that meets the needs of its customers. In addition, marketing in its boundary-spanning role introduces the ""voice of the customer"" into the firm, helps build long-term relationships and ensures that the firm builds equity with its customers.","No","3","3","-","-","-"
"MKT","540M","Intro.to Marketing Management","The purpose of this course is to familiarize you with the basic concepts and principles of Marketing Management by introducing you to a framework-based analysis of marketing issues and how they impact organizations and their customers.  Through cases, current examples, and a group project, the course will endow you with an appreciation for the role of marketing in organizations and an understanding of how to apply marketing concepts.
 The course will improve your approach to structured problem solving, analytical skills, and vocabulary around the marketing discipline, teach you various data analysis techniques corresponding to functional topics within the marketing discipline, and provide you with an introduction to the process required to develop marketing strategies and implementation plans. As an emerging professional, you will draw from other core courses to better understand how the marketing function interacts with other functions within the organization.","No","3","3","-","-","-"
"MKT","540Y","Marketing Management","The class introduces participants to concepts and principles of marketing management. The major role of marketing in a company (or public agency) is determining, creating, communicating and delivering a value proposition that meets the needs of its customers. In addition, marketing in its boundary-spanning role introduces the ""voice of the customer"" into the firm, helps build long-term relationships and ensures that the firm builds equity with its customers.","No","2","2","-","-","-"
"MKT","542","Marketing Analytics","This course will help you make better business decisions by giving you the tools to analyze marketplace data and to understand how data analysis tools can be used to guide and inform corporate direction. While the course provides insight into how to actually conduct research, its focus is on providing the needed background for future managers who will be the ultimate users of the data, and who will determine the scope and direction of research conducted.","No","3","3","-","-","-"
"MKT","543","Digital & Social Media Strategy","The goal of the course is to familiarize students with the digital media landscape as it relates to marketing strategy. As digital marketing tactics become more common among organizations, digital strategy will become integrated into the broader marketing strategy.","No","3","3","-","-","-"
"MKT","546","Strategic Marketing Communications","This course provides students with an understanding of the role of Strategic Marketing Communications in the overall marketing program and its contribution to several aspects of marketing including segmentation, targeting and positioning, product and brand strategy. In doing so, this course examines strategic resource development and allocation decisions across the various marketing communications elements impacting the overall marketing budget.
Format: Lectures and discussion, case analyses, specialized assignments, guest speakers, agency tour.","No","3","3","-","-","-"
"MKT","547","Product & Brand Management","The course is designed for both marketing specialists and generalists. The course exposes students to the contemporary challenges faced by a broad variety of firms in developing and launching new products, creating and maintaining brand equity, and managing products and product lines.","No","3","3","-","-","-"
"MKT","548","Sales and Sales Management","This course is designed for both specialists and generalists; namely, those who are pursuing a career in sales and business development, as well as those who will use sales skills in their careers. The course exposes students to the contemporary challenges faced in the selling process. The settings of the cases and exercises used in the course are quite diverse in terms of the sizes of the organizations involved and the types of markets that they serve. Therefore, the course is relevant to students whose interests are in general management, consulting, finance, and entrepreneurship as well as those who expect to work directly in sales and business development. The course centers on three themes:
 Personal selling
 Sales management
 Selling into the channel of distribution 
The objective of this course is to develop and enhance the skill set that students will need to pursue careers that involve selling and business development. By the end of this course, you will have acquired the skills that will allow you to enhance your firms' revenue, either personally or through a sales force.","No","3","3","-","-","-"
"MKT","549","Impact: Marketing Strategy","-","No","3","3","-","-","-"
"MKT","552","Content Marketing","We live in a noisy world -- the average person encounters 6,000-10,000 ads in a single day and our attention spans have perfected the art of tuning out. Becoming a compelling storyteller is your best chance to break through. The Content Marketing course is useful for anyone that needs to present to a stakeholder: brand to consumers, consultant to client or entrepreneur to investors. We will examine key social and digital platforms and how each monetizes. To dig into creating content, we explore sticky ideas, storytelling through screenplays and brand archetype.","No","3","3","-","-","-"
"MKT","562","Customer Lifetime Valuation","Using real-world applications from various industries, the goal of the course is to familiarize students with tools and methods used for measuring and managing the value of current and future customers effectively. The tools we introduce are commonly employed by managers to assess marketing decisions, such as a new customer acquisition campaign. These tools are also used by executives and investors to assess the health of customer-based businesses.","No","3","3","-","-","-"
"MKT","599R","Special Topics","-","No","1","12","-","-","-"
"MKT","637","Monetizing Innovations","Innovations are a key driver of a firm's competitive advantage and long-term growth. Organizations invest billions of dollars each year in developing and marketing new products and services, yet many innovations fail to achieve commercial success. This course is designed for students interested in understanding how to successfully monetize and market innovations within both entrepreneurial ventures and established corporations.
Many of today's innovations leverage emerging technologies, including artificial intelligence and machine learning, to better understand, engage, and deliver value to customers. While the course will place particular emphasis on high-technology products and services, it will also explore monetization and marketing challenges in other industries. Through frameworks, cases, and applied projects, students will learn how to design effective monetization strategies that increase the likelihood of successful commercialization.","No","3","3","-","-","-"
"MKT","641","Seminar on Global Marketing","-","No","3","3","-","-","-"
"MKT","643","Pricing Strategy and Analytics","Pricing is a critical business activity and one that is often viewed as a significant challenge. In this course we will take a hands on approach to developing pricing tactics and strategies. Using data whenever possible we will explore techniques for setting prices in a variety of contexts.","No","3","3","-","-","-"
"MKT","646","Consumer Behavior","Marketing begins and ends with the customer, from determining customers' needs and wants to providing customer satisfaction and maintaining customer relationships. This course examines the basic concepts and principles in consumer psychology with the goal of understanding how these ideas can be used in marketing decision making.","No","3","3","-","-","-"
"MKT","647","Sports Marketing","This course introduces students to important topics in sports marketing, particularly ""marketing assets"" such as brand equity, customer equity, and inventory equity. This course focuses on the business side of sports","No","3","3","-","-","-"
"MKT","648","Marketing Channel Strategy and B2B","A key source of value is through the use of strategic partnering agreements, innovative distribution design, and understanding how customers want to buy. This course is about how to leverage value through the firm's distributor, supplier, and retailer networks to make products and services available at the right place and time. Topics include but are not limited to the following: how to manage multiple online and offline channels, how to structure and manage business partnerships for maximum returns, how to select and incentivize partners and how to design and redesign routes to market. We will also discuss conflict management, channels in emerging economies, and other generalizable frameworks applicable to a wide variety of B2B issues.  Ideal for individuals targeting opportunities in consulting and strategy, organizational customer sales and procurement, marketing management, entrepreneurship and business development.","No","3","3","-","-","-"
"MKT","649","Marketing Strategy","In this course we will consider the topics of marketing strategy and customer relationship management.  Classic Marketing Strategy emphasizes the selection of customer segments and the determination of the appropriate positioning of the product or brand.  Customer Relationship Management has grown in popularity over the past decade as firms have gained the ability to implement marketing strategies at the level of micro segments or individual customers.  In addition, in this course we will emphasize how firms can develop and use information to support brand and customer strategies.","No","3","3","-","-","-"
"MKT","649G","Marketing Strategy","-","No","3","3","-","-","-"
"MKT","660","Driving Growth with AI","Driving Growth with AI examines the burgeoning role of AI in marketing decisions and actions. The course will adopt the customer equity framework, which links the value of the customer to the organization to the following components: customer acquisition, customer retention, and relationship development. The course will be built around these components, examining the application of marketing technology and AI to support growth through each component. We will use the customer journey to tie these components together. The graduate-level version of this course includes an additional learning objective and project requirement beyond what is expected in the undergraduate course.","No","3","3","-","-","-"
"MKT","680","Marketing Analytics","The course aims to introduce students to marketing problems and solutions. It bridges the gap between learned analytical techniques and marketing challenges. Students will learn a scientific approach to marketing through hands-on use of databases, analytics, and computing systems to collect, analyze, and act on customer information. While students will apply quantitative methods throughout the course, the objective is not to create experts in statistics; instead, the course emphasizes helping students utilize their knowledge to tackle marketing issues and understand the limitations of marketing analytics and research.","No","3","3","-","-","-"
"MKT","681","Sports Analytics","Over the past decade, a professional sports team's decision processes have been transformed from being based mainly on intuition and experience, to being based on copious amounts of data and sophisticated statistical models; this trend has even been highlighted in popular culture through the bestselling book and blockbuster movie, ""Moneybal"". In this course, we will focus on the use of analytics and data for improving human capital related decisions in the context of both sports and non-sports. The core of the class will focus on developing data management and statistical skills.","No","3","3","-","-","-"
"OAM","236","Foundations of Entrepreneurship","This introductory course is designed to endow liberal arts and sciences students with an entrepreneurial perspective, provide foundational functional business knowledge for use in an applied entrepreneurial setting ,and build familiarity with the skills and resources necessary for starting a new venture. By the end of the class you will know what it takes to build a business and be able to: Engage in a design thinking process, identify trends and opportunities in the marketplace, formulate new venture ideas, analyze your market and validate your customer base, conduct a competitive analysis, create a revenue model, forecast costs and demand, and assess potential profitability, understand how financing, venture capital and valuation work, utilize a business model canvas, and prepare and present a business pitch. Completion of the course will serve as eligibility to apply as a fellow in the Stuart and Mimi Rose Program for Student Startups.","No","3","3","-","-","-"
"OAM","330","Organization & Management","Presents and integrates materials from organization and applied behavioral sciences to create a solid foundation for further study of the dynamics of management, as practiced now and with a view to the future. This is a foundation course for further work in organization and management.","No","3","3","-","-","-"
"OAM","331","Strategic Management","Strategic management focuses on the ""big picture"" questions in business: What drives the total profitability of an entire corporation? Why do some companies succeed while others fail? And what -- if anything -- can managers really do about it? The main strategic problem for any company is to diagnose its situation correctly despite incomplete and ambiguous information about the problems and opportunities that it faces.","No","3","3","-","-","-"
"OAM","332","Business and Society","This course surveys the complex and evolving relationship between corporations and society. This course adopts a broad theoretical perspective on the challenges and opportunities that corporations confront in their interactions with society, such as struggles to maintain legitimacy, acquire resources, build partnerships, and solve complex global problems.","No","3","3","-","-","-"
"OAM","333","The Business of Sports","A primary focus of the course will be on the business of collegiate and professional sport. In addition, this course is designed to introduce students to some of the laws, rules, and regulations that impact the work setting of sport organizations and that drive business decisions. A core purpose of the course is to provide students with a basic understanding of the business and legal issues involved in the operation and management of organizations in the sport business management industry, and to equip students with the skills and strategies needed to effectively work with business executives and lawyers to resolve these issues.","No","3","3","-","-","-"
"OAM","334","Social Enterprise in Latin America","This course exposes students to the many development challenges faced in Latin America and engages them in discussions related to how business principles and market-based solutions can be applied to achieve meaningful societal impacts. The travel module allows students to experience first-hand a range of social enterprises working in various fields of development.","No","3","3","-","-","-"
"OAM","335","Strategies for Entertainment and Media","The course examines the main economic features common to entertainment, cultural and media industries, and how those features pose strategic and organizational challenges for managers. The course focuses on thinking strategically about the nature of cultural and media products, what drives their supply and demand, the factors that affect their value and how firms can manage them.","No","3","3","-","-","-"
"OAM","336","Catalyzing Social Impact","The aim of this course is to build on prior iterations of the popular consulting class and provide a vehicle through which twelve local nonprofit organizations will benefit from the time and energy provided by our BBA students. While taking the course, students will learn about the basics of defining, conducting and presenting the results of consulting projects. At the same time, they will develop a basic understanding of how a business school education can be brought to bear on issues faced in the nonprofit sector.","No","3","3","-","-","-"
"OAM","338","Consulting","Familiarizes students with the history, theory, and practice of management consulting. The course reviews the theoretical underpinnings of management consulting by addressing such divergent topics as organizational diagnosis and strategic implementation theories, with an emphasis on fundamental intervention skills (i.e., analytic skills and process skills). Finally, the risks and rewards of external intervention to an organization are discussed.","No","3","3","-","-","-"
"OAM","385","Entrepreneurial Practicum","This course discusses in the depth all facets of operating and financing an entrepreneurial venture. The class structure is unconventional. The core of the course consists of students applying their knowledge at actual entrepreneurial ventures (practicum) and be actively involved in a commercialization forum (RAISE). The class room time supplements and is secondary to the core experience of working with entrepreneurial ventures. The primary audience for this course are (i) students interested in starting their own company or joining an entrepreneurial venture and (ii) students interested in joining firms that capitalize entrepreneurial ventures (angels, venture capital firms, private equity firms, family offices, endowments, sovereign wealth funds, pension funds, etc.). More information at www.emoryprof.com.","No","3","3","-","-","-"
"OAM","399R","Special Topics","This course explores topics of current interest in organization management.","No","0","12","-","-","-"
"OAM","400","Study Abroad O&M Elective (General Elective)","Study Abroad O&M Elective (General Elective)","No","1","16","-","-","-"
"OAM","401","Study Abroad O&M Elective (Global)","Study Abroad O&M Elective (Global)","No","1","16","-","-","-"
"OAM","406","Strategy&Org Hlth Care Sector","The United States Healthcare system is in desperate need of a strategy.  Using different strategy tools, we will analyze industries, and companies to see how they can compete differently for competitive advantage. Healthcare costs in the US are 15%+ of GDP and some estimate that more than 1/3 of that is waste.  The class will address this important, complex, and challenge problem together.","No","3","3","-","-","-"
"OAM","409","Study Abroad O&M Elective (Related)","Study Abroad O&M Elective (Related)","No","1","16","-","-","-"
"OAM","419","Bias in the Workplace","On average, Americans spend 30% of their time at work. In some sense, our work can define us, such that our economic opportunities, quests for fulfillment, and general happiness are heavily affected by what happens at work. Although many life outcomes are determined by workplace experiences, many employees face workplace disadvantages based on their demographic group membership. In this course, we will explore the ways in which race, and to a lesser extent, gender and class, shape economic opportunity and general well-being at work. Further, we will learn how organizations and employees attempt to manage bias and discrimination in organizations. Finally, we will explore tactics students can use to disrupt bias in the workplace.","No","3","3","-","-","-"
"OAM","421","Philanthropy Lab: Addressing Inequality in Atlanta","Atlanta had the highest level of income disparity among U.S. cities in 2018. This experiential learning course introduces students to the role of philanthropy, both individual and corporate, play in solving public problems, particularly income inequality in Atlanta. Topics covered include the history and theory of philanthropic giving in the U.S. as well as leading strategic and equitable philanthropic management approaches. During the course, students form their own ¿mini-foundations¿ that identify and make grants totaling $50-$85K to local nonprofits.","No","3","3","-","-","-"
"OAM","430","Competitive Advantage","This course focuses on analyzing competitors and building corporate advantage. Students will learn how to assess a firm and corporate strategy from an analyst's perspective. Accordingly, we explore how firms can create and maintain a strong competitive position across their lines of business -- analyzing competitors across and within their businesses. We then examine how firms enter new businesses through M&A, alliances, and internal development. Finally, we examine strategy analysis and formulation in uncertain and turbulent environments.","No","3","3","-","-","-"
"OAM","431","Social Enterprises & Impact Invest","Social enterprises are mission-driven organizations that trade in goods or services for some defined social purpose. At times, the profits from a business are used to support a specific social goal. Other times, the organization itself accomplishes a defined social aim through its own operations. This class discusses the evolving role played by the social enterprise in the context of changes in both the private and government sectors.","No","3","3","-","-","-"
"OAM","432","Negotiations","Offers students an opportunity to develop negotiation skills for a global business environment. Students learn to manage conflicts with competence, fairness, and sensitivity. The course relies heavily on simulations to promote learning by doing. It provides a low-risk setting with individual feedback to help students evolve an effective negotiating style that feels natural.","No","3","3","-","-","-"
"OAM","433","Leading and Managing Change","Addresses the forces that drive organizational change; examines obstacles to organizational change as well as those strategies for making change more effective. The emphasis is on planning, managing, evaluating, and surviving organizational change, with application to emerging business issues, including: knowledge management, ""learning organizations,"" network management and organizational implications of new technologies and the internet.","No","3","3","-","-","-"
"OAM","434","Psychology of Leadership","The course will introduce students to what is known about relating to others in personal, social, and especially, business situations. Of particular note is the means by which strong relationships foster leadership competencies and professional acumen that can be brought to bear in driving organizational change.","No","3","3","-","-","-"
"OAM","435","Multinational Firms & Strategy","Explores the development and performance of multi-national enterprises in global economic, political, and cultural environments. Topics include the design and control processes of MNE's, the role of transnational institutions, political risk assessment, technology transfers, and management of a multicultural workforce.","No","3","3","-","-","-"
"OAM","436","Entrepreneurship","This course is designed to endow you with an entrepreneurial perspective, enhance your ability to use functional knowledge in an applied setting, and familiarize you with the skills and resources necessary for starting a new venture. By the end of the class you will be able to: 
-Identify trends and opportunities in the marketplace
- Formulate new venture ideas
- Analyze your market and validate your customer base
- Present a competitive analysis of a specific industry
- Create a revenue model, forecast costs and demand, and assess potential profitability
- Understand how financing, venture capital and valuation work
- Utilize a business model canvas
- Put together and present a business plan and pitch
- Analyze ventures, both inside and outside of corporations","No","3","3","-","-","-"
"OAM","438","Management Consulting","Management Consulting is a very broad topic because it describes a burgeoning professional services industry, a much-coveted career path, and a specific way of solving business problems. This course reviews many of the foundational theories and how this is applied in the business environment. These project-based skills are valuable for any entering professional services.","No","3","3","-","-","-"
"OAM","439","Business Ethics","This course is designed to aid you in developing tools for resolving ethical dilemmas. It fundamentally is about the question ""what should I do?"" in various business contexts. You will learn about ethical principles and frameworks that provide guidance for moral decision-making and apply them to a variety of business settings.","No","3","3","-","-","-"
"OAM","440","Leading with Evidence","This course allows students to develop skills to interpret available evidence & gather evidence when it doesn't already exist. These skills will help students make personal/life decisions to get where they want to be, make professional decisions that benefit a team or organization, & demonstrate problem solving skills to future employers. Class will consist of discussions, interactive exercises, & projects. Topics include your brain's power & its limits, leveraging available evidence around us (restaurant reviews, social media likes, political polls, & more), using evidence to make life decisions (where to live, how to spend your money, what job to take), using evidence to make professional decisions (what strategy to adopt, should I start my own business), & methods for gathering evidence to persuade various audiences. Skills gained in this class will be valuable for those interested in consulting or leadership (in any field), or who are simply curious about living their best life.","No","3","3","-","-","-"
"OAM","450","Venture Capital and Minority Entrepreneurship","This course is designed to be an experiential walk into the world of early-stage venture capital funding. Built upon a foundation of academic content, the course will elevate students understanding of the impact of systemic racism, unconscious bias, and homophily on the history and current funding environment of typically underfunded entrepreneurs. There will be a focus on the structure of venture capital and the development of tools that allow for appropriate due diligence of early-stage ventures. The course is directly tied to the work of the Center for Entrepreneurship and Innovation (CEI) within the Goizueta Business School at Emory University. As such, the work and content of the course flows through the collaboration of the course professor(s), student leaders who previously have taken the course, and the leadership of the CEI.","No","3","3","-","-","-"
"OAM","460","Strategic Networks","This course is also about using social capital to implement organizational change. The protagonist in this course takes and active role in managing networks to get things done. The key challenge is how to work with other people to make change happen. You create value through coordinating your personal contacts to diverse groups in an organization, coordinating employees within and between functional groups, and coordinating activities across organizations. This course is an introduction to using social network theory and analysis to effect this coordination and create value.","No","3","3","-","-","-"
"OAM","464","Future of Specialty Coffee","This course allows students to explore the interplay between markets on the one hand, and culture and society on the other. We focus on a connected set of issues that define the past, present, and future of the global specialty coffee market. This should appeal to business students who want to examine the impacts that markets have, and might have, in a globally important industry. It should also appeal to non-business students who want to explore how perspectives on culture and society merge with current and potential market practices.","No","3","3","-","-","-"
"OAM","471","Applied Entrepreneurship","The primary goal of this class is provide you with as close an experience as possible to actually starting and implementing your own business. This class is very ""hands on"" and active class participation is critical. We will focus on several essential business and entrepreneurial concepts including determining where risks and opportunities exist within the competitive landscape; creating tactics that are high impact and easy to implement; understanding how to increase your sales closing rates and grow your business quicker; leveraging your effectiveness of working with partners and minimize the risks associated with partnering; negotiating effectively with investors (or as an investor); determining if a business should be closed or if it is worth investing more time and money; and recognizing when is the best time to sell your business and establishing how much it is really worth.","No","3","3","-","-","-"
"OAM","473","Applied Lean Startup","-","No","3","3","-","-","-"
"OAM","497","Directed Study","A Directed Study (DS) is conducted with permission and semi-autonomously, under the supervision of a Goizueta faculty member. The content should represent a line of intellectual inquiry that is aligned with, but falls outside, what is available in the context of the School's elective offerings. It replaces an academic course and may carry variable academic hours. The DS project should contain significant & commensurate content that carries the rigor, time commitment & standards of an elective in the area of study.","No","1","16","-","-","-"
"OAM","499R","Special Topics","This course explores topics of current interest in organization management.","No","1","12","-","-","-"
"OAM","506","Strategy&Org Hlth Care Sector","The United States Healthcare system is in desperate need of a strategy.  Using different strategy tools, we will analyze industries, and companies to see how they can compete differently for competitive advantage. Healthcare costs in the US are 15%+ of GDP and some estimate that more than 1/3 of that is waste.  The class will address this important, complex, and challenge problem together.","No","3","3","-","-","-"
"OAM","508A","Healthcare Strategy","Regulatory uncertainty, confounded consumers, and the ever-changing balance of power among various stakeholders all demand that health care leaders be clear in their organization's strategy and simultaneously excel at leading organizational change.","No","1.5","1.5","-","-","-"
"OAM","510","Leadership Coaching Fellows","Leadership Coaching Fellows Program.","No","0","0","-","-","-"
"OAM","515","Coaching a Problem-Solving Team","The Coaching a Problem-Solving Team course is a three-credit, graduate-level course that develops your skills as a leader and project coach by coaching one or more IMPACT full-time MBA teams through their problem-solving process to ensure learning objectives are achieved and high-impact work is delivered to the client. As part of the course, participants serve as IMPACT Coaching Fellows (ICFs) assigned to one or more IMPACT project teams in the two-year, full-time MBA program, and in some cases, a BBA team participating in the Strategic Valuation elective or a team in the Master in Business-Veterans or Master in Management program.
The fundamental purpose of this course is to assist students in the development of essential leadership and problem-solving coaching skills to accelerate their careers. As part of the course, each ICF receives access to an executive coach as part of the course.","No","3","3","-","-","-"
"OAM","520","Coaching and Team Performance","This course is designed to enhance the understanding of how to be a more effective team member and peer leader; enhance the understanding of the characteristics of a high performing MBA team and how to identify dysfunctions of a team; provide emphasis on how to give and receive feedback; learn how to assess the performance of a team; and learn how to use feedback by being coached by a 2nd Year MBA Leadership Coaching Fellow on your team and the individual performance on your MBA team.","No","1","1","-","-","-"
"OAM","530","Leading Organizations & Strategy","Leading Organizations and Strategy focuses on the job, viewpoint, and skills of the general manager of a firm in diagnosing what is critical in business situations and in finding realistic solutions to strategic and organizational problems. We will examine issues central to the long- and short-term competitive position of the company. This class will introduce you to crucial strategic and organizational skills, all of which will have a substantial impact upon organizational profitability and your own successful career.","No","3","3","-","-","-"
"OAM","531","Leading People and Organizations","Topic: Organizational Behavior
This course is designed with the multiple perspectives of psychology, sociology, political science, and organizational development.The primary objective is to enhance each student's understanding of the human factor and group dynamics that affect organizational performance. Thus, the goal is to enable each student to provide effective leadership in socially complex environments.","No","3","3","-","-","-"
"OAM","531A","Organizational Behavior & Leadership Pt.1","-","No","1","1","-","-","-"
"OAM","531B","Organizational Behavior & Leadership Pt.2","-","No","2","2","-","-","-"
"OAM","531M","Leading People & Organizations","This course will introduce students to the role of people in organizations and organizations as embedded in the larger society. Topics to be explored include human behavior in organizations, organizational decision-making, competition among individuals and in markets, teamwork and leadership, complex organizational problems, and the organization's role in global challenges. This course will help you consider what motivates people to succeed, what success means, and how people can position themselves and their organizations for success. It is a foundation course for further exploration of business organizations and their social impact.  It is designed to shape your understanding of individual behavior in an organizational setting based on an accumulation of research in psychology, sociology, economics, and organizational behavior.
The class will additionally delve into some of the biggest challenges facing businesses today, such as inequality, the role of capitalism in society, and how businesses can help build a more inclusive and sustainable world. To do this, we will draw upon your liberal arts training in critical inquiry and analysis.","No","3","3","-","-","-"
"OAM","531Y","Leading Organizations & Strategy","-","No","2","2","-","-","-"
"OAM","532","Business and Society","This course surveys the complex and evolving relationship between corporations and society. This course adopts a broad theoretical perspective on the challenges and opportunities that corporations confront in their interactions with society, such as struggles to maintain legitimacy, acquire resources, build partnerships, and solve complex global problems.","No","3","3","-","-","-"
"OAM","535","Impact: Catalyzing Social Impact","-","No","3","3","-","-","-"
"OAM","536","Social Impact Management","This course surveys the evolving role that social purpose organizations, their leaders (both management and board of directors), and critical stakeholders play in delivering social impact. These purpose-driven organizations, which make up the $6 trillion social solution economy, encompass an array of business models that range from traditional nonprofits to for-profit companies and hybrid organizations focusing on social outcomes.  We will also cover the importance of key actors in the sector, including foundations / grant makers, charities, service providers, B corps, impact and ESG investors, government entities, and social enterprises.","No","3","3","-","-","-"
"OAM","538","Strategies for Entertainment and Media","The course examines the main economic features common to entertainment, cultural and media industries, and how those features pose strategic and organizational challenges for managers. The course focuses on thinking strategically about the nature of cultural and media products, what drives their supply and demand, the factors that affect their value and how firms can manage them.","No","3","3","-","-","-"
"OAM","539","Impact::Strategic Management","-","No","3","3","-","-","-"
"OAM","544M","Psychology of Leadership","The course will help students who are emerging professionals navigate the ways in which they relate to others in personal, social, and especially, business situations. The course will focus on the science of relationship management and what is involved in the transition from thinking about relationships formed within a student/university context to understanding the ways in which professional relationships are shaped. Of particular note is the means by which strong relationships foster leadership competencies and professional acumen that emerging leaders can bring to bear in driving organizational change.","No","3","3","-","-","-"
"OAM","557","Leadership & Lifework","Leadership and Lifework focuses on the key challenges facing individuals in rapidly changing environments.  The course will examine how accelerating global competition and increasing customer demands for product and service innovation have redefined the fundamental challenges of leadership. In order to compete effectively, leaders must now develop organizations that attract and retain the highest quality of intellectual capital.  They must, therefore, create environments that foster learning and collaboration to meet the challenge of creating and sustaining competitive advantage.","No","3","3","-","-","-"
"OAM","561","Principled Leadership","-","No","3","3","-","-","-"
"OAM","561A","Principled Leadership","The goal of this course is to be a transitional leadership experience for military veterans who are enrolled in the Master in Business for Veterans Program. Exercising `Principled Leadership¿ is fundamental for military leaders and critical as they make the transition to becoming business leaders. OAM561A will serve as an introduction to the Principled Leadership course where the students will take assessment of their own leadership qualities, personality, values, and purpose in life. They will travel to Fort Moore, Georgia, where they will conduct a Leadership Reaction Course, designed to provide an experiential opportunity for them to reflect with successful veterans who have made the transition from the military to a business environment.","No","1","1","-","-","-"
"OAM","561B","Principled Leadership","During OAM 561B the students will conduct research and discussion on different styles of leadership while engaging with veterans who have successfully made the transition from leading in the military to being organizational leaders in the business world. They will do extensive reading about business leaders to examine successes, failures, and do a deep dive into examining their own leadership style; incorporating self-assessment data and develop an individualized personal development plan to carry them through their transition and into the next phase of their careers. The fundamental purpose of the course is to assist each veteran student in determining the path on how to become the business leader they aspire to be as.","No","2","2","-","-","-"
"OAM","562Y","Leadership","Topic: Leading with Emotional Intelligence
The course is intended to focus on the leadership demands that students will likely face upon re-entry into managerial roles within corporations, mid-sized firms, professional services firms or large, public sector organizations This course concentrates on developing skills as both a leader and as a follower.  The course is designed to enhance self-awareness and how to bring out the leadership potential in those around you.","No","2","2","-","-","-"
"OAM","585","Entrepreneurial Practicum","This course discusses in the depth all facets of operating and financing an entrepreneurial venture. The class structure is unconventional. The core of the course consists of students applying their knowledge at actual entrepreneurial ventures (practicum) and be actively involved in a commercialization forum (RAISE). The class room time supplements and is secondary to the core experience of working with entrepreneurial ventures. The primary audience for this course are (i) students interested in starting their own company or joining an entrepreneurial venture and (ii) students interested in joining firms that capitalize entrepreneurial ventures (angels, venture capital firms, private equity firms, family offices, endowments, sovereign wealth funds, pension funds, etc.). More information at www.emoryprof.com.","No","3","3","-","-","-"
"OAM","599R","Special Topics","Special topics in Organization Management.","No","0","12","-","-","-"
"OAM","601","Social Entrep/Impact Invest","-","No","3","3","-","-","-"
"OAM","619","Bias in the Workplace","On average, Americans spend 30% of their time at work. In some sense, our work can define us, such that our economic opportunities, quests for fulfillment, and general happiness are heavily affected by what happens at work. Although many life outcomes are determined by workplace experiences, many employees face workplace disadvantages based on their demographic group membership. In this course, we will explore the ways in which race, and to a lesser extent, gender and class, shape economic opportunity and general well-being at work. Further, we will learn how organizations and employees attempt to manage bias and discrimination in organizations. Finally, we will explore tactics students can use to disrupt bias in the workplace.","No","3","3","-","-","-"
"OAM","620","Advanced Groups & Teams","Teamwork is prominent in a variety of organizational, social, and professional settings. Yet, many misconceptions exist about teams that hinder their effectiveness. The course will cover the theory and processes of group and team behavior. A variety of behavioral topics will be covered (e.g. innovation, power & politics, social networks) with an emphasis on group contexts.","No","3","3","-","-","-"
"OAM","621","Philanthropy Lab: Addressing Inequality in Atlanta","Atlanta had the highest level of income disparity among U.S. cities in 2018. This experiential learning course introduces students to the role of philanthropy, both individual and corporate, play in solving public problems, particularly income inequality in Atlanta. Topics covered include the history and theory of philanthropic giving in the U.S. as well as leading strategic and equitable philanthropic management approaches. During the course, students form their own ¿mini-foundations¿ that identify and make grants totaling $50-$85K to local nonprofits.","No","3","3","-","-","-"
"OAM","630","Competitive Advantage","-","No","3","3","-","-","-"
"OAM","631","Social Enterprises & Impact Invest","Social enterprises are mission-driven organizations that trade in goods or services for some defined social purpose. At times, the profits from a business are used to support a specific social goal. Other times, the organization itself accomplishes a defined social aim through its own operations. This class discusses the evolving role played by the social enterprise in the context of changes in both the private and government sectors.

Note: The graduate-level version of this course (OAM 631) includes an additional learning objective and project requirement beyond what is expected in the undergraduate course.","No","3","3","-","-","-"
"OAM","631A","Leading People & Organizations","This course prepares you to design and implement strategic interventions that establish your results-based leadership credentials and provide you with a nuanced understanding of how networks can either aid or constrain your leadership. For MEMBA students.","No","2","2","-","-","-"
"OAM","631B","Leading People & Organizations","This course prepares you to design and implement strategic interventions that establish your results-based leadership credentials and provide you with a nuanced understanding of how networks can either aid or constrain your leadership. For MEMBA students.","No","1","1","-","-","-"
"OAM","632","Negotiations","Offers students an opportunity to develop negotiation skills for a global business environment. Students learn to manage conflicts with competence, fairness, and sensitivity. The course relies heavily on simulations to promote learning by doing. It provides a low-risk setting with individual feedback to help students evolve an effective negotiating style that feels natural.","No","3","3","-","-","-"
"OAM","632A","Negotiations","Offers students an opportunity to develop negotiation skills for a global business environment. Students learn to manage conflicts with competence, fairness, and sensitivity. The course relies heavily on simulations to promote learning by doing. It provides a low-risk setting with individual feedback to help students evolve an effective negotiating style that feels natural.","No","1","1","-","-","-"
"OAM","633","Leading and Managing Change","This course will address the forces that drive organizations to change; examines impediments to organizational change as well as those strategies for making organizational change more effective. The emphasis will be on planning, managing, evaluating, and surviving organizational change, with application to emerging business issues, including: knowledge management, ""learning organizations,"" network management and organizational implications of new technologies and the internet.","No","3","3","-","-","-"
"OAM","634","Strategic Management","Topic: Business unit and corporate strategy 
This is an introduction to business unit and corporate strategy. The course brings together a research-based set of concepts and analytical tools that students use to evaluate existing firm strategies and craft new ones. It is designed to prepare managers for positions that require integrative thinking across functional and product boundaries. The initial focus is on strategy at the level of the business unit, which is the foundation for competitive analysis. We examine the sources of competitive advantage in market position and resources. Students learn to identify whether a company has a competitive advantage and determine what courses of action it can take to maintain and expand its advantage. The latter part of the course focuses on how choices about corporate scope and strategy relate to threats to sustainability of competitive advantages.","No","3","3","-","-","-"
"OAM","635","Multinational Firms & Strategy","Multinational Firms examines strategy and organization of business in the global economy. The course considers international competitive forces and national/regional contexts as determinants of strategic challenges and options for managers. We employ a cross-functional approach, drawing from strategic management, microeconomics, political science, and regional studies.","No","3","3","-","-","-"
"OAM","636","Entrepreneurship","This course is designed to endow you with an entrepreneurial perspective, enhance your ability to use functional knowledge in an applied setting, and familiarize you with the skills and resources necessary for starting a new venture. By the end of the class you will be able to: 
- Identify trends and opportunities in the marketplace
- Formulate new venture ideas
- Analyze your market and validate your customer base
- Present a competitive analysis of a specific industry
- Create a revenue model, forecast costs and demand, and assess potential profitability
- Understand how financing, venture capital and valuation work
- Utilize a business model canvas
- Put together and present a business plan and pitch
- Analyze ventures, both inside and outside of corporations""","No","3","3","-","-","-"
"OAM","636A","Entrepreneurship","This course is designed to endow you with an entrepreneurial perspective, enhance your ability to use functional knowledge in an applied setting, and familiarize you with the skills and resources necessary for starting a new venture. By the end of the class you will be able to:
- Identify trends and opportunities in the marketplace
- Formulate new venture ideas
- Analyze your market and validate your customer base
- Present a competitive analysis of a specific industry
- Create a revenue model, forecast costs and demand, and assess potential profitability
- Understand how financing, venture capital and valuation work
- Utilize a business model canvas
- Put together and present a business plan and pitch
- Analyze ventures, both inside and outside of corporations","No","1","1","-","-","-"
"OAM","637","Innovation Strategy","In the last few decades, the business world has been engulfed in what Shumpeter aptly called the ""gales of creative destruction."" Rates of new product development - where innovation has historically resided - have accelerated and changed with the advent of new approaches like Open Innovation. And Open Innovation itself has been enabled by new technology platforms. But technology has played an even more disruptive role in undergirding the development of radical new business models that are reshaping entire industries, such as Uber in Automotive and AirBnB in hospitality.
Incumbent companies are right to wonder what they can do to prevent their becoming ""Amazoned."" In this course, we will learn and apply a comprehensive framework that large corporations can use to effectively manage innovation. This framework can be critical to companies' resilience and continued success within a rapidly changing and often threatening market environment of profound technological and business model innovation.","No","3","3","-","-","-"
"OAM","639","Business Ethics","This course is designed to aid you in developing tools for resolving ethical dilemmas. It fundamentally is about the question ""what should I do?"" in various business contexts. You will learn about ethical principles and frameworks that provide guidance for moral decision-making and apply them to a variety of business settings.","No","3","3","-","-","-"
"OAM","650","Venture Capital and Minority Entrepreneurship","This course is designed to be an experiential walk into the world of early-stage venture capital funding. Built upon a foundation of academic content, the course will elevate students understanding of the impact of systemic racism, unconscious bias, and homophily on the history and current funding environment of typically underfunded entrepreneurs. There will be a focus on the structure of venture capital and the development of tools that allow for appropriate due diligence of early-stage ventures. The course is directly tied to the work of the Center for Entrepreneurship and Innovation (CEI) within the Goizueta Business School at Emory University. As such, the work and content of the course flows through the collaboration of the course professor(s), student leaders who have previously taken the course, and the leadership of the CEI.","No","3","3","-","-","-"
"OAM","660","Strategic Networks","This course is also about using social capital to implement organizational change. The protagonist in this course takes and active role in managing networks to get things done. The key challenge is how to work with other people to make change happen. You create value through coordinating your personal contacts to diverse groups in an organization, coordinating employees within and between functional groups, and coordinating activities across organizations. This course is an introduction to using social network theory and analysis to effect this coordination and create value.","No","3","3","-","-","-"
"OAM","661","Applied  Entrepreneurship","Class focuses on the following essential business and entrepreneurial concepts, and learn how to:
- Determine if a business opportunity is worth pursuing;
- Find the next big opportunity;
- Understand how buyers really make decisions;
- Design products the market """"really"""" wants, quicker, less expensively and with lower risk;
- Generate significant market interest for your products and services on a small budget;
- Create tactics that are high impact, and easy to implement;
- Develop strategies that have a significantly greater likelihood for success;
- Improve your management skills to increase your odds of achieving your business objectives;
- Leverage the effectiveness of working with partners and minimize the risks associated with partnering;
- Negotiate more effectively with an investor (or as an investor);
- Deal with the reality of business when it deviates from your business plan (as it inevitably will);
- Create a business environment second to none;
- Buy a business without over paying; and
- Recognize if and when to sell your business and how much it's really worth.","No","3","3","-","-","-"
"OAM","662","Advanced Strategy Topics","-","No","3","3","-","-","-"
"OAM","663","Leading w. Emot. Intelligence","-","No","3","3","-","-","-"
"OAM","664","Executive Insight","-","No","0","0","-","-","-"
"OAM","667","Leadership and Lifework","Leadership and Lifework focuses on the key challenges facing individuals in rapidly changing environments.  The course will examine how accelerating global competition and increasing customer demands for product and service innovation have redefined the fundamental challenges of leadership.","No","1","1","-","-","-"
"OAM","668","Leading Organizational Change","This module in the Leadership series focuses on the leader as change agent.  This perspective on leadership is consistent with the established view that managers deal with complexity while leaders deal with change.","No","1","1","-","-","-"
"OAM","669","Leadership Ethics","The final module in the MEMBA leadership series addresses ""leading with integrity"" -- a critical component of principled leadership for global enterprise. The purpose of this course is to enable students to reflect on the importance of integrity and ethics as managerial leaders working in complex, global, dynamic organizations.","No","1","1","-","-","-"
"OAM","671","Leadership Capstone","This course serves as the capstone component for the 'Certificate of Advanced Leadership' and is open to students who seek a deeper dive on the topic of leadership. Students will conduct field research; engage with current executive organizational leaders in various settings regarding their leadership challenges and lessons learned; do extensive reading about leaders and leadership, past and present; analyze the principal themes from their self-assessment data, and develop an individualized professional development plan to carry them into the next phase of their careers.","No","3","3","-","-","-"
"OAM","672","Corporate Strategy","This course focuses on building corporate advantage -- the problem of how multi-business firms can create value. Accordingly, we first explore sources of complementarities or synergy among businesses and how to manage them. We then examine how firms acquire new capabilities with a special emphasis on M&A, alliances, and internal development. Finally, we examine strategy analysis and formulation in uncertain and turbulent environments. This course may be useful for those who seek careers in consulting, general management, and investment banking where multi-business firms play an especially critical role.","No","3","3","-","-","-"
"OAM","673","Network Analytics","This course provides coverage of social network analysis with a primary focus on recent developments in theory, methods and substantive applications. The primary topics to be covered in this course include the application of network theory to the study of careers, competition, innovation, inequality/stratification, IT-mediated networks, network formation, and network dynamics. Students will gain hands-on experience applying social network methods in empirical research. Students will have an opportunity to learn some modern network analysis methods and apply them to network data.","No","3","3","-","-","-"
"OAM","680","Human Resources Analytics","-","No","3","3","-","-","-"
"OAM","691","Leadership Development","The Leadership Development course is intended to help you focus on the leadership demands that you will likely face as you move into managerial roles within corporations, mid-sized companies, professional services firms or large, public sector organizations. It is becoming increasingly clear that effective managers and executives demonstrate both business acumen and people acumen. This course concentrates on the latter - developing your skills as a leader and as a follower. The course is designed to enhance your understanding of self, best practices in leadership behaviors, and how to bring out the leadership potential in those around you.","No","1","2","-","-","-"
"OAM","699","Special Topics","-","No","3","3","-","-","-"